<?xml version="1.0" encoding="UTF-8" standalone="yes"?>
<addon id="plugin.video.fantasticbeasts" name="Fantastic Beasts" version="1.0.0" provider-name="ad">
	<requires>
		<import addon="xbmc.python" version="2.19.0" />
		<import addon="script.module.nanscrapers" version="0.5.5" />
        <import addon="script.module.python.koding.aio" version="0.0.1"/>
	</requires>
	<extension point="xbmc.python.pluginsource" library="default.py">
		<provides>video</provides>
	</extension>
	<extension point="xbmc.addon.metadata">
		<summary lang="en">Animal documentaries.</summary>
		<description lang="en">Fantastic beasts is a compilation of animal documentaries found using YouTube. The developer does not own any of this content as it is readily available via YouTube. The developer is in no way, shape, or form associated or affiliated with Kodi.</description>
		<platform>all</platform>
		<forum>http://www.noobsandnerds.com/support</forum>
		<website>www.noobsandnerds.com</website>
		<news></news>
		<genre>documentary,usa</genre>
		<video_guide></video_guide>
		<video_preview></video_preview>
	</extension>
</addon>
