<items>
        <item>
        <title>[COLORdarkorange]A Nightmare on Elm Street (1984)[/COLOR]</title>
        <link>https://streamango.com/f/poltlpqoecbcfbak/A_NIGHTMARE_ON_ELM_STREET_mp4</link>
        <thumbnail>https://image.tmdb.org/t/p/w640/sXFlyjfWv544uKOJmPd2vVsaFm9.jpg</thumbnail>
        </item>

        <item>
        <title>[COLORdarkorange]A Nightmare on Elm Street 2: Freddys Revenge (1985)[/COLOR]</title>
        <link>https://streamango.com/f/bkresdpedrtlsdbq/A_Nightmare_On_Elm_Street_2_Freddys_Revenge_1985_1080p_BrRip_x264_BOKUTOX_YIFY_mp4</link>
        <thumbnail>https://image.tmdb.org/t/p/w640/seEMZxo6bhHWbWPNcBQfsMAk39F.jpg</thumbnail>
        </item>

        <item>
        <title>[COLORdarkorange]A Nightmare on Elm Street 3: Dream Warriors (1987)[/COLOR]</title>
        <link>https://streamango.com/f/cckctlnccltplqfk/A_Nightmare_on_Elm_Street_3_Dream_Warriors_1987_720p_BrRip_x264_BOKUTOX_YIFY_mp4</link>
        <thumbnail>https://image.tmdb.org/t/p/w640/4aMSIhvShIkDrhOsa0WL6KFwnpD.jpg</thumbnail>
        </item>

        <item>
        <title>[COLORdarkorange]A Nightmare on Elm Street 4: The Dream Child (1988)[/COLOR]</title>
        <link>https://streamango.com/f/cacmsrcqtrdqoctr/A_Nightmare_on_Elm_Street_4_The_Dream_Master_1988_720p_BrRip_x264_BOKUTOX_YIFY_mp4</link>
        <thumbnail>https://image.tmdb.org/t/p/w640/oPvDjpZ5xIINxggRJpXwJtf40SW.jpg</thumbnail>
        </item>

        <item>
        <title>[COLORdarkorange]A Nightmare on Elm Street 5: The Dream Child (1989)[/COLOR]</title>
        <link>https://streamango.com/f/taqpacdtntcmmfbp/A_Nightmare_on_Elm_Street_5_The_Dream_Child_1989_720p_BrRIp_x264_BOKUTOX_YIFY_mp4</link>
        <thumbnail>https://image.tmdb.org/t/p/w640/vnorsG2pKAVqIMYsDJbKoOr4CsX.jpg</thumbnail>
        </item>

        <item>
        <title>[COLORdarkorange]Freddys Dead: The Final Nightmare (1991)[/COLOR]</title>
        <link>https://streamango.com/f/pakfnkffmqaaesaf/Freddys_Dead_The_Final_Nightmare_1991_720p_BluRay_x264-x0r_mkv</link>
        <thumbnail>https://image.tmdb.org/t/p/w640/m4IFNmheHcjbLsVWbUq9TIpWL5S.jpg</thumbnail>
        </item>

        <item>
        <title>[COLORdarkorange]A Nightmare on Elm Street (2010)[/COLOR]</title>
        <link>https://streamango.com/f/bssmdlfaokpcepot/A_Nightmare_on_Elm_Street_2010_720p_BrRip_x264_BOKUTOX_YIFY_mp4</link>
        <thumbnail>https://image.tmdb.org/t/p/w640/zPdMcikD993AQRd92iNv0Dxb67T.jpg</thumbnail>
        </item>

</items>        