<items>
	<item>
        <title>[COLORdarkorange]Beetlejuice (1988)[/COLOR]</title>
        <link>https://streamango.com/f/cdkmpbdmtlamdkpk/Beetlejuice_1988_1080p_BluRay_x264_anoXmous_mp4</link>
        <thumbnail>https://image.tmdb.org/t/p/w640/gWnW7vxm8yr01TVLQhL4aI02orp.jpg</thumbnail>
        </item>

        <item>
        <title>[COLORdarkorange]Boo! A Madea Halloween (2016)[/COLOR]</title>
        <link>https://streamango.com/f/qnbtsrmnlapkrtss/Boo_A_Madea_Halloween_2016_720p_BRRip_x264_AAC-ETRG_mp4</link>
        <thumbnail>https://image.tmdb.org/t/p/w1280/dixsnX3uUBEQ5I7NtBE68wtFMEg.jpg</thumbnail>
        </item>

        <item>
        <title>[COLORdarkorange]Casper (1995)[/COLOR]</title>
        <link>https://streamango.com/f/abfdeocfbdrkeopd/Casper_1995_1080p_BluRay_x264_YIFY_mp4</link>
        <thumbnail>https://image.tmdb.org/t/p/w640/cpMbvFDD2C21pqMNXVPhSWGQBR9.jpg</thumbnail>
        </item>

        <item>
        <title>[COLORdarkorange]Children of the Corn (1984)[/COLOR]</title>
        <link>https://streamango.com/f/lberecqcnkcbnpfa/Children_of_the_Corn_1984_avi</link>
        <thumbnail>https://image.tmdb.org/t/p/w1280/zH77CDSRPeYfZZJyyKSt84j62m8.jpg</thumbnail>
        </item>

        <item>
        <title>[COLORdarkorange]Creepshow (1982)[/COLOR]</title>
        <link>https://streamango.com/f/dcbqntcsaclfrptl/Creepshow_mkv</link>
        <thumbnail>https://image.tmdb.org/t/p/w640/hgKeTL416BPzLZntcsD1k7mNFRN.jpg</thumbnail>
        </item>

        <item>
        <title>[COLORdarkorange]Dog Soldiers (2002)[/COLOR]</title>
        <link>https://streamango.com/f/cokaelatqarqlspm/Dog_Soldiers_2002_720p_X264-ExtraTorrentRG_mp4</link>
        <thumbnail>https://image.tmdb.org/t/p/w640/kJLGyrjnphk6DnaJhYVFFoWJcCy.jpg</thumbnail>
        </item>

        <item>
        <title>[COLORdarkorange]Donnie Darko (2001)[/COLOR]</title>
        <link>https://streamango.com/f/kddommcrroaqncpa/Donnie_20Darko_2002_720pBluRay_-IRHD-_mkv_mp4</link>
        <thumbnail>https://image.tmdb.org/t/p/w640/nmb4QhCRmdfNP6rgb81yUFgI83l.jpg</thumbnail>
        </item>

        <item>
        <title>[COLORdarkorange]The Evil Dead (1981)[/COLOR]</title>
        <link>https://streamango.com/f/pamnbooflsppdkrt/The_Evil_Dead_1981_720p_BRrip_x264_GAZ_YIFY_mp4</link>
        <thumbnail>https://image.tmdb.org/t/p/w1280/7cpSdCrBY7UhiygkcP57dpixXsW.jpg</thumbnail>
        </item>

        <item>
        <title>[COLORdarkorange]Evil Dead II (1987)[/COLOR]</title>
        <link>https://streamango.com/f/nlenqrsnsesdqpco/Evil_Dead_II_1987_720p_BRrip_x264_GAZ_mp4</link>
        <thumbnail>https://image.tmdb.org/t/p/w1280/n49mpgUsPgBfRg2qIEj31HX0chu.jpg</thumbnail>
        </item>

        <item>
        <title>[COLORdarkorange]Frankenweenie (2012)[/COLOR]</title>
        <link>https://streamango.com/f/cbsodrdfnlkrbplr/Frankenweenie_2012_720p_BrRip_x264_YIFY_mp4</link>
        <thumbnail>https://image.tmdb.org/t/p/w1280/zMFJ0Uy9y0Oy3KPbgtRic6IYzRk.jpg</thumbnail>
        </item>

        <item>
        <title>[COLORdarkorange]Fright Night (1985)[/COLOR]</title>
        <link>https://streamango.com/f/lrnbnpaqbroeqasn/Fright_Night_1985_DVDRip_x264-VLiS_mkv</link>
        <thumbnail>https://image.tmdb.org/t/p/w1280/jE0YbuFlmaZUWeVTyYNpzYXjIbn.jpg</thumbnail>
        </item>

        <item>
        <title>[COLORdarkorange]Ghostbusters (2016)[/COLOR]</title>
        <link>https://streamango.com/f/qlrdespkpdqakqlp/Ghostbusters_2016_HDRip_XViD-ETRG_avi</link>
        <thumbnail>https://image.tmdb.org/t/p/w640/6SkiCknOeWmBLhCerdrgG7elCK7.jpg</thumbnail>
        </item>

        <item>
        <title>[COLORdarkorange]Jeepers Creepers (2001)[/COLOR]</title>
        <link>https://streamango.com/f/cnfcrldfpeqfrppe/Jeepers_Creepers_2001_1080p_BRRip_x264_FRISKY_mp4</link>
        <thumbnail>https://image.tmdb.org/t/p/w1280/gaIiibMDw95MDT0QtpwMCFDSyQO.jpg</thumbnail>
        </item>

        <item>
        <title>[COLORdarkorange]Hellraiser (1987)[/COLOR]</title>
        <link>https://streamango.com/f/etkkofefqaqebrpn/Hellraiser_1987_DVDRip_ENG-BlicaDePreto_avi</link>
        <thumbnail>https://image.tmdb.org/t/p/w1280/hcq0TqbjBkPIOCKwYY5WTcjvT8o.jpg</thumbnail>
        </item>

        <item>
        <title>[COLORdarkorange]Hocus Pocus (1993)[/COLOR]</title>
        <link>https://streamango.com/f/tbbareqqaeotobfm/Hocus_Pocus_1993_1080p_BrRip_x264_YIFY_mp4</link>
        <thumbnail>https://image.tmdb.org/t/p/w1280/okCXNIX9QXNXbWM9NBnKlMpYVBd.jpg</thumbnail>
        </item>

        <item>
        <title>[COLORdarkorange]Horror of Dracula (1958)[/COLOR]</title>
        <link>https://streamango.com/f/mcmdscplqoasbpca/The_Horror_of_Dracula_avi</link>
        <thumbnail>https://image.tmdb.org/t/p/w1280/ta6eEnj6A2WpI0PxMeWwaaZ9syd.jpg</thumbnail>
        </item>

        <item>
        <title>[COLORdarkorange]Hotel Transylvania (2012)[/COLOR]</title>
        <link>https://streamango.com/f/scaomlnnadknflms/Hotel_Transylvania_2012_720p_BluRay_x264_YIFY_mp4</link>
        <thumbnail>https://image.tmdb.org/t/p/w640/fHntg68hzEtpDuvx8PWTHoPsED2.jpg</thumbnail>
        </item>

        <item>
        <title>[COLORdarkorange]Hotel Transylvania 2 (2015)[/COLOR]</title>
        <link>https://streamango.com/f/aatdrtcsdqmlkebo/Hotel_Transylvania_2_2015_720p_HDRip_X264-REMO_mkv</link>
        <thumbnail>https://image.tmdb.org/t/p/w640/cFQHMUmxaO3PEDo5lxuQC8MCRIH.jpg</thumbnail>
        </item>

        <item>
        <title>[COLORdarkorange]Its the Great Pumpkin Charlie Brown (1966)[/COLOR]</title>
        <link>https://streamango.com/f/adsplsomknekpdnt/Its_The_Great_Pumpkin_Charlie_Brown_1966_MnM-RG_H264_mp4</link>
        <thumbnail>https://image.tmdb.org/t/p/w640/9QdnfxTDKUSW1t23sKSQjPNs0iD.jpg</thumbnail>
        </item>

        <item>
        <title>[COLORdarkorange]Monster House (2006)[/COLOR]</title>
        <link>https://streamango.com/f/dfqscrmlstnkcqod/Monster_House_2006_720p_BluRay_x264_YIFY_mp4</link>
        <thumbnail>https://image.tmdb.org/t/p/w1280/vOhKyKxlmtRwRHqKGV2VrFhJjCG.jpg</thumbnail>
        </item>

        <item>
        <title>[COLORdarkorange]Night of the Living Dead (1968)[/COLOR]</title>
        <link>https://streamango.com/f/lkkmeeefcqnbamcs/Night_Of_The_Living_Dead_1968_720p_BRRip_x264-x0r_mkv</link>
        <thumbnail>https://image.tmdb.org/t/p/w640/aE65rDcG2xiKPnl5ypAqh2jg0g6.jpg</thumbnail>
        </item>

        <item>
        <title>[COLORdarkorange]ParaNorman (2012)[/COLOR]</title>
        <link>https://streamango.com/f/nadosndfcblafbml/Paranorman_2012_720p_BrRip_x264_YIFY_mp4</link>
        <thumbnail>https://image.tmdb.org/t/p/w1280/pfGmWVyGHgdJrdKrZ5RWZpbAhkn.jpg</thumbnail>
        </item>

        <item>
        <title>[COLORdarkorange]Pumpkinhead (1988)[/COLOR]</title>
        <link>https://streamango.com/f/neamdfrqdanbldrs/Pumpkinhead_1988_720p_BluRay_x264_YIFY_mp4</link>
        <thumbnail>https://image.tmdb.org/t/p/w1280/aQmTz1oa4vmTfL5UCeWSBNqfSIk.jpg</thumbnail>
        </item>

        <item>
        <title>[COLORdarkorange]Sleepy Hollow (1999)[/COLOR]</title>
        <link>https://streamango.com/f/pqkpcnnqtrffknof/Sleepy_Hollow_1999_720p_BrRip_x264_YIFY_mp4</link>
        <thumbnail>https://image.tmdb.org/t/p/w640/mTN4m41lHKaIf0dVcWzVdCJOYik.jpg</thumbnail>
        </item>

        <item>
        <title>[COLORdarkorange]Tales of Halloween (2015)[/COLOR]</title>
        <link>https://streamango.com/f/maffsplsktpmtono/Tales_of_Halloween_2015_720p_WEBRip_x264_AAC-ETRG_mp4</link>
        <thumbnail>https://image.tmdb.org/t/p/w1280/hISRq3TJdALQj1RGCS6bQxbTnAf.jpg</thumbnail>
        </item>

        <item>
        <title>[COLORdarkorange]The Addams Family (1991)[/COLOR]</title>
        <link>https://streamango.com/f/epekalltrfpktcmq/The_Addams_Family_1991_720p_BluRay_x264_YIFY_mp4</link>
        <thumbnail>https://image.tmdb.org/t/p/w1280/ajiQj0jbacMAmPxDU3fP9TeIfTi.jpg</thumbnail>
        </item>

        <item>
        <title>[COLORdarkorange]The Brides of Dracula (1960)[/COLOR]</title>
        <link>https://streamango.com/f/soskqsflrktbfrol/The_Brides_of_Dracula_1960_720p_BluRay_x264_YIFY_mp4</link>
        <thumbnail>https://image.tmdb.org/t/p/w1280/zO3v1I1CEGVoerS1nD0wTMULr6d.jpg</thumbnail>
        </item>

        <item>
        <title>[COLORdarkorange]The Curse of Frankenstein (1957)[/COLOR]</title>
        <link>https://streamango.com/f/clnpseaamqffskbd/The_Curse_of_Frankenstein_Horror_1957_Peter_Cushing_Hazel_Court_Robert_Urquhart_BR_mp4</link>
        <thumbnail>https://image.tmdb.org/t/p/w640/f4dwXdeZFHzLKMNgKGe46RWsMmM.jpg</thumbnail>
        </item>

        <item>
        <title>[COLORdarkorange]The Houses October Built (2014)[/COLOR]</title>
        <link>https://streamango.com/f/alkrsdstbqffbfcd/The_Houses_October_Built_2014_WEB-DL_x264-RARBG_mp4</link>
        <thumbnail>https://image.tmdb.org/t/p/w1280/b4FCnCClSVTHK55QiNwS9p9IeCF.jpg</thumbnail>
        </item>

        <item>
        <title>[COLORdarkorange]The Houses October Built 2 (2017)[/COLOR]</title>
        <link>https://streamango.com/f/bcrortqrllcbando/The_Houses_October_Built_2_2017_HDRip_DD2_0_x264-BDP_mkv</link>
        <thumbnail>https://image.tmdb.org/t/p/w640/9ePD42CjuXgwsFNDl3EC8KRi0XC.jpg</thumbnail>
        </item>

        <item>
        <title>[COLORdarkorange]The Monster Squad (1987)[/COLOR]</title>
        <link>https://streamango.com/f/btqtmmnctqmqdord/The_Monster_Squad_1987_720p_BluRay_x264_VPPV_mp4</link>
        <thumbnail>https://image.tmdb.org/t/p/w1280/ise6Cvp4nWqfQ8hOyEK0MmctLV8.jpg</thumbnail>
        </item>

        <item>
        <title>[COLORdarkorange]The Nightmare Before Christmas (1993)[/COLOR]</title>
        <link>https://streamango.com/f/tkcesqtnceokbelc/The_Nightmare_Before_Christmas_1993_DvDrip_Eng_-YeasT_avi</link>
        <thumbnail>https://image.tmdb.org/t/p/w1280/6oxkO1VgKCq74fNILKAg6t2dVEt.jpg</thumbnail>
        </item>

        <item>
        <title>[COLORdarkorange]Trick r Treat (2007)[/COLOR]</title>
        <link>https://streamango.com/f/rkccsttektamsktk/Trick_or_Treat_1986_720p_BluRay_x264_YIFY_mp4</link>
        <thumbnail>https://image.tmdb.org/t/p/w1280/evI1rvNgKgbEDnG6Ah3csEXnclB.jpg</thumbnail>
        </item>

        <item>
        <title>[COLORdarkorange]When Good Ghouls Go Bad (2001)[/COLOR]</title>
        <link></link>
        <thumbnail>https://image.tmdb.org/t/p/w640/tYNhlRqFmsAqitOvfrWfY4JWQjV.jpg</thumbnail>
        </item>

        <item>
        <title>[COLORdarkorange]Young Frankenstein (1974)[/COLOR]</title>
        <link>https://streamango.com/f/rcqmmetmakdrmres/Young_Frankenstein_1974_720p_BRrip_x264_YIFY_mp4</link>
        <thumbnail>https://image.tmdb.org/t/p/w1280/a3Bj2ht6liBFafNM46hqk9WEhcY.jpg</thumbnail>
        </item>

</items>        