<items>
        <item>
        <title>[COLORorange]Halloweentown (1998)[/COLOR]</title>
        <link>http://vidto.me/npvku2m0z1i3.html</link>
        <thumbnail>https://image.tmdb.org/t/p/w640/b2bUOe2qL86GUDoncknSqCXaQgK.jpg</thumbnail>
        </item>

        <item>
        <title>[COLORorange]Halloweentown II: Kalabar's Revenge (2001)[/COLOR]</title>
        <link>http://vidto.me/azw5y89nxjq2.html</link>
        <thumbnail>https://image.tmdb.org/t/p/w1280/v5ZJECL4rKsYGnmz61C5qtaj3xj.jpg</thumbnail>
        </item>

        <item>
        <title>[COLORorange]Halloweentown High (2004)[/COLOR]</title>
        <link>http://vidto.me/5yq7v64vj1i4.html</link>
        <thumbnail>https://image.tmdb.org/t/p/w1280/unR7yBuFLvz0QkJ7BVh4TmMT3Uc.jpg</thumbnail>
        </item>

        <item>
        <title>[COLORorange]Return to Halloweentown (2006)[/COLOR]</title>
        <link>http://vidto.me/dgj042upnt0h.html</link>
        <thumbnail>https://image.tmdb.org/t/p/w1280/x6u7MzYiAHgVCjdQymaCZvq6Z52.jpg</thumbnail>
        </item>

        <item>
        <title>[COLORorange]Hocus Pocus (1993)[/COLOR]</title>
        <link>http://vidto.me/zfugjgzm4dhq.html</link>
        <thumbnail>https://image.tmdb.org/t/p/w1280/okCXNIX9QXNXbWM9NBnKlMpYVBd.jpg</thumbnail>
        </item>

        <item>
        <title>[COLORorange]Monster House (2006)[/COLOR]</title>
        <link>http://vidto.me/i0qdmvtd5m4z.html</link>
        <thumbnail>https://image.tmdb.org/t/p/w1280/vOhKyKxlmtRwRHqKGV2VrFhJjCG.jpg</thumbnail>
        </item>
        
</items>