<items>
        <item>
        <title>[COLORorange]Halloween (1978)[/COLOR]</title>
        <link>http://vidto.me/gauix3xcx0nz.html</link>
        <thumbnail>https://image.tmdb.org/t/p/w640/vjoOFOTBJcJvA1weJejlZ92LZD4.jpg</thumbnail>
        </item>

        <item>
        <title>[COLORorange]Halloween II (1981)[/COLOR]</title>
        <link>http://vidto.me/x9zl1v0yue2v.html</link>
        <thumbnail>https://image.tmdb.org/t/p/w640/9oXa66gARefZBuca4xpD8EFbcVg.jpg</thumbnail>
        </item>

        <item>
        <title>[COLORorange]Halloween III: Season of the Witch (1982)[/COLOR]</title>
        <link>http://vidto.me/jjj6nax90po3.html</link>
        <thumbnail>https://image.tmdb.org/t/p/w640/svPexK18MEl0lyAqb8fFUGGsEQ8.jpg</thumbnail>
        </item>

        <item>
        <title>[COLORorange]Halloween 4: The Return of Michael Myers (1988)[/COLOR]</title>
        <link>http://vidto.me/fpcppwwnheyi.html</link>
        <thumbnail>https://image.tmdb.org/t/p/w640/oudmrV1WljSJMpgwq6K4VzbIMMK.jpg</thumbnail>
        </item>

        <item>
        <title>[COLORorange]Halloweentown (1998)[/COLOR]</title>
        <link>http://vidto.me/npvku2m0z1i3.html</link>
        <thumbnail>https://image.tmdb.org/t/p/w640/b2bUOe2qL86GUDoncknSqCXaQgK.jpg</thumbnail>
        </item>

        <item>
        <title>[COLORorange]Halloweentown II: Kalabar's Revenge (2001)[/COLOR]</title>
        <link>http://vidto.me/azw5y89nxjq2.html</link>
        <thumbnail>https://image.tmdb.org/t/p/w1280/v5ZJECL4rKsYGnmz61C5qtaj3xj.jpg</thumbnail>
        </item>

        <item>
        <title>[COLORorange]Halloweentown High (2004)[/COLOR]</title>
        <link>http://vidto.me/5yq7v64vj1i4.html</link>
        <thumbnail>https://image.tmdb.org/t/p/w1280/unR7yBuFLvz0QkJ7BVh4TmMT3Uc.jpg</thumbnail>
        </item>

        <item>
        <title>[COLORorange]Hocus Pocus (1993)[/COLOR]</title>
        <link>http://vidto.me/zfugjgzm4dhq.html</link>
        <thumbnail>https://image.tmdb.org/t/p/w1280/okCXNIX9QXNXbWM9NBnKlMpYVBd.jpg</thumbnail>
        </item>

        <item>
        <title>[COLORorange]Monster House (2006)[/COLOR]</title>
        <link>http://vidto.me/i0qdmvtd5m4z.html</link>
        <thumbnail>https://image.tmdb.org/t/p/w1280/vOhKyKxlmtRwRHqKGV2VrFhJjCG.jpg</thumbnail>
        </item>
        
</items>