#####################################################################################
<poster>Tempus</poster>
<fanart>http://www.thefandom.net/wp-content/uploads/2015/10/halloween-pumpkin.jpg</fanart>
#####################################################################################

<items>
        <item>
        <title>[COLOR=orange]Halloweentown(1998)[/COLOR]</title>
        <link>http://www.alluc.ee/l/Halloweentown-1998/q0ocv0oc</link>
        <thumbnail>https://image.tmdb.org/t/p/w640/b2bUOe2qL86GUDoncknSqCXaQgK.jpg</thumbnail>
        </item>

        <item>
        <title>[COLOR=orange]Halloweentown II: Kalabar's Revenge(2001)[/COLOR]</title>
        <link>https://vimeo.com/68187265</link>
        <thumbnail>https://image.tmdb.org/t/p/original/rJHMSAx8pQH9sXwuD8g1ElDXbtz.jpg</thumbnail>
        </item>

        <item>
        <title>[COLOR=blue]Ibiza Dance Floor[/COLOR]</title>
        <link>https://www.djing.com/tv/d-05.m3u8</link>
        <thumbnail>https://www.djing.com/newimages/content/c02.jpg</thumbnail>
        </item>

        <item>
        <title>[COLOR=blue]UnderGround[/COLOR]</title>
        <link>https://www.djing.com/tv/u-05.m3u8</link>
        <thumbnail>https://www.djing.com/newimages/content/c04.jpg</thumbnail>
        </item>

        <item>
        <title>[COLOR=blue]Hot Hot Hot[/COLOR]</title>
        <link>https://www.djing.com/tv/h-01-fta.m3u8</link>
        <thumbnail>https://www.djing.com/newimages/content/c03.jpg</thumbnail>
        </item>
        
        <item>
        <title>[COLOR=blue]Classics[/COLOR]</title>
        <link>https://www.djing.com/tv/i-05.m3u8</link>
        <thumbnail>https://www.djing.com/newimages/content/c06.jpg</thumbnail>
        </item>
        
        <item>
        <title>[COLOR=blue]Animation[/COLOR]</title>
        <link>https://www.djing.com/tv/a-05.m3u8</link>
        <thumbnail>https://www.djing.com/newimages/content/c07.jpg</thumbnail>
        </item>

        <item>
        <title>[COLOR=blue]Summer Vibes[/COLOR]</title>
        <link>https://www.djing.com/tv/s-05-summer-vibes.m3u8</link>
        <thumbnail>https://www.djing.com/newimages/content/c05.jpg</thumbnail>
        </item>

        <item>
        <title>[COLOR=blue]Electro Rock[/COLOR]</title>
        <link>https://www.djing.com/tv/s-05-electro-rock.m3u8</link>
        <thumbnail>https://www.djing.com/newimages/content/c08.jpg</thumbnail>
        </item>

        <item>
        <title>[COLOR=blue]Frech Touch[/COLOR]</title>
        <link>https://www.djing.com/tv/s-05-french-touch.m3u8</link>
        <thumbnail>https://www.djing.com/newimages/content/c09.jpg</thumbnail>
        </item>
        
</items>