#####################################################################################
<poster>Tempus</poster>
<fanart>http://www.thefandom.net/wp-content/uploads/2015/10/halloween-pumpkin.jpg</fanart>
#####################################################################################

<items>
        <item>
        <title>[COLOR=orange]Halloweentown(1998)[/COLOR]</title>
        <link>https://r6---sn-vgqsrnee.c.drive.google.com/videoplayback?id=b14650799a7880f2&itag=22&source=webdrive&begin=0&requiressl=yes&mm=30&mn=sn-vgqsrnee&ms=nxu&mv=m&pl=20&sc=yes&ei=JEXRWbmvMdDC-wX83YPwCw&driveid=0B5FmPl0M8FWRak1KUjF3OGNTbDg&mime=video/mp4&lmt=1506629168830999&mt=1506886849&ip=67.235.169.18&ipbits=8&expire=1506894148&sparams=ip,ipbits,expire,id,itag,source,requiressl,mm,mn,ms,mv,pl,sc,ei,driveid,mime,lmt&signature=BC1DB60F6232ECBA1A285DFA169A9424B475AEA8.6D912E75B43DEBFF60556BB57C3900DB6A6985E9&key=ck2</link>
        <thumbnail>https://image.tmdb.org/t/p/w640/b2bUOe2qL86GUDoncknSqCXaQgK.jpg</thumbnail>
        </item>

        <item>
        <title>[COLOR=orange]Halloweentown II: Kalabar's Revenge(2001)[/COLOR]</title>
        <link>https://vimeo.com/68187265</link>
        <thumbnail>https://image.tmdb.org/t/p/original/rJHMSAx8pQH9sXwuD8g1ElDXbtz.jpg</thumbnail>
        </item>

        <item>
        <title>[COLOR=orange]Hocus Pocus(1993)[/COLOR]</title>
        <link>https://r6---sn-vgqsrnee.c.drive.google.com/videoplayback?id=b14650799a7880f2&itag=22&source=webdrive&begin=0&requiressl=yes&mm=30&mn=sn-vgqsrnee&ms=nxu&mv=m&pl=20&sc=yes&ei=JEXRWbmvMdDC-wX83YPwCw&driveid=0B5FmPl0M8FWRak1KUjF3OGNTbDg&mime=video/mp4&lmt=1506629168830999&mt=1506886849&ip=67.235.169.18&ipbits=8&expire=1506894148&sparams=ip,ipbits,expire,id,itag,source,requiressl,mm,mn,ms,mv,pl,sc,ei,driveid,mime,lmt&signature=BC1DB60F6232ECBA1A285DFA169A9424B475AEA8.6D912E75B43DEBFF60556BB57C3900DB6A6985E9&key=ck2</link>
        <thumbnail>https://image.tmdb.org/t/p/w1280/okCXNIX9QXNXbWM9NBnKlMpYVBd.jpg</thumbnail>
        </item>

        <item>
        <title>[COLOR=blue]UnderGround[/COLOR]</title>
        <link>https://www.djing.com/tv/u-05.m3u8</link>
        <thumbnail>https://www.djing.com/newimages/content/c04.jpg</thumbnail>
        </item>

        <item>
        <title>[COLOR=blue]Hot Hot Hot[/COLOR]</title>
        <link>https://www.djing.com/tv/h-01-fta.m3u8</link>
        <thumbnail>https://www.djing.com/newimages/content/c03.jpg</thumbnail>
        </item>
        
        <item>
        <title>[COLOR=blue]Classics[/COLOR]</title>
        <link>https://www.djing.com/tv/i-05.m3u8</link>
        <thumbnail>https://www.djing.com/newimages/content/c06.jpg</thumbnail>
        </item>
        
        <item>
        <title>[COLOR=blue]Animation[/COLOR]</title>
        <link>https://www.djing.com/tv/a-05.m3u8</link>
        <thumbnail>https://www.djing.com/newimages/content/c07.jpg</thumbnail>
        </item>

        <item>
        <title>[COLOR=blue]Summer Vibes[/COLOR]</title>
        <link>https://www.djing.com/tv/s-05-summer-vibes.m3u8</link>
        <thumbnail>https://www.djing.com/newimages/content/c05.jpg</thumbnail>
        </item>

        <item>
        <title>[COLOR=blue]Electro Rock[/COLOR]</title>
        <link>https://www.djing.com/tv/s-05-electro-rock.m3u8</link>
        <thumbnail>https://www.djing.com/newimages/content/c08.jpg</thumbnail>
        </item>

        <item>
        <title>[COLOR=blue]Frech Touch[/COLOR]</title>
        <link>https://www.djing.com/tv/s-05-french-touch.m3u8</link>
        <thumbnail>https://www.djing.com/newimages/content/c09.jpg</thumbnail>
        </item>
        
</items>