 <items>       
        <item>
        <title>[COLORdarkorange]Childs Play (1988)[/COLOR]</title>
        <link>https://streamango.com/f/cbfkreqtmsbfdtbt/01_Childs_Play_-_Chucky_Horror_Eng_720p_H264-mp4_mp4</link>
        <thumbnail>https://image.tmdb.org/t/p/w640/dSX9i2buibfyKFRpK2kOe6rtl5R.jpg</thumbnail>
        </item>

        <item>
        <title>[COLORdarkorange]Childs Play 2 (1990)[/COLOR]</title>
        <link>https://streamango.com/f/nktbmorbbfcklstc/02_Childs_Play_2_-_Chucky_Horror_Eng_720p_H264-mp4_mp4</link>
        <thumbnail>https://image.tmdb.org/t/p/w640/xy0qUntbDOVgiTDvSIFlSM3MMzP.jpg</thumbnail>
        </item>

        <item>
        <title>[COLORdarkorange]Childs Play 3 (1991)[/COLOR]</title>
        <link>https://streamango.com/f/coaafqtcnokttmdp/03_Childs_Play_3_-_Chucky_Horror_Eng_720p_H264-mp4_mp4</link>
        <thumbnail>https://image.tmdb.org/t/p/w640/pDko1kIkrCaHBSfBj7pAJu1Diss.jpg</thumbnail>
        </item>

        <item>
        <title>[COLORdarkorange]Bride of Chucky (1998)[/COLOR]</title>
        <link>https://streamango.com/f/sekfnlldqmretnql/04_Bride_of_Chucky_-_Chucky_Horror_Eng_720p_H264-mp4_mp4</link>
        <thumbnail>https://image.tmdb.org/t/p/w640/u5Lc1Li0Hpc452o57E2KaToezZX.jpg</thumbnail>
        </item>

        <item>
        <title>[COLORdarkorange]Seed of Chucky (2004)[/COLOR]</title>
        <link>https://streamango.com/f/tlrlnrqeoamccqmd/05_Seed_of_Chucky_-_Chucky_Horror_Eng_720p_H264-mp4_mp4</link>
        <thumbnail>https://image.tmdb.org/t/p/w640/vOykTC4dMzEHt2fyOxVRWFnl2pl.jpg</thumbnail>
        </item>

        <item>
        <title>[COLORdarkorange]Curse of Chucky (2013)[/COLOR]</title>
        <link>https://streamango.com/f/fsqmqknoeqcakcfb/06_Curse_of_Chucky_-_Chucky_Horror_Eng_720p_H264-mp4_mp4</link>
        <thumbnail>https://image.tmdb.org/t/p/w640/55cHwIJmJxFUWY74FkrDnTdJTEM.jpg</thumbnail>
        </item>

        <item>
        <title>[COLORdarkorange]Cult of Chucky (2017)[/COLOR]</title>
        <link>https://streamango.com/f/rfsbdfpebbkoqqfp/Cult_of_Chucky_2017_UNRATED_DVDRip_XviD_AC3-EVO_avi</link>
        <thumbnail>https://image.tmdb.org/t/p/w640/vSVz5on2HCHhiVTIV7aYIKUN7XG.jpg</thumbnail>
        </item>

</items>        