<items>
		<item>
        <title>[B][COLORskyblue]##### GRUMPY OLD MEN #####[/COLOR][/B]</title>
        <link>none</link>
        <thumbnail>https://i.imgur.com/bBVLkBM.jpg</thumbnail>
        </item>

        <item>
        <title>[COLORsaddlebrown]Grumpy Old Men (1993)[/COLOR]</title>
        <link>https://streamango.com/f/dlkaqnbfarrqodme/Grumpy_Old_Men_1993_ENG_DVDRip_avi</link>
        <thumbnail>https://image.tmdb.org/t/p/w640/2Kr5u2cvt0lKcIk1NyUrUs8eeDN.jpg</thumbnail>
        </item>

        <item>
        <title>[COLORsaddlebrown]Grumpier Old Men (1995)[/COLOR]</title>
        <link>https://estream.to/4mrea760mpfz.html</link>
        <thumbnail>https://image.tmdb.org/t/p/w640/6ksm1sjKMFLbO7UY2i6G1ju9SML.jpg</thumbnail>
        </item>

</items>