<items>
        <item>
        <title>[B][COLORwhite]##### HALLOWEEN MOVIES #####[/COLOR][/B]</title>
        <link>none</link>
        <thumbnail>https://i.imgur.com/KK5hDWx.jpg</thumbnail>
        </item>

        <item>
        <title>[COLORdarkorange]An American Werewolf in London (1981)[/COLOR]</title>
        <link>http://uptobox.com/eevxkc3x60t1</link>
        <thumbnail>https://image.tmdb.org/t/p/w640/r5CbVhy3vO6SqdOTwinZVtaRbhb.jpg</thumbnail>
        </item>

        <item>
        <title>[COLORdarkorange]Beetlejuice (1988)[/COLOR]</title>
        <link>https://streamango.com/f/cdkmpbdmtlamdkpk/Beetlejuice_1988_1080p_BluRay_x264_anoXmous_mp4</link>
        <thumbnail>https://image.tmdb.org/t/p/w640/gWnW7vxm8yr01TVLQhL4aI02orp.jpg</thumbnail>
        </item>

        <item>
        <title>[COLORdarkorange]Boo! A Madea Halloween (2016)[/COLOR]</title>
        <link>https://streamango.com/f/qnbtsrmnlapkrtss/Boo_A_Madea_Halloween_2016_720p_BRRip_x264_AAC-ETRG_mp4</link>
        <thumbnail>https://image.tmdb.org/t/p/w1280/dixsnX3uUBEQ5I7NtBE68wtFMEg.jpg</thumbnail>
        </item>

        <item>
        <title>[COLORdarkorange]Carrie (1976)[/COLOR]</title>
        <link>https://streamango.com/f/eobsaksrbqndbscm/Carrie_1976_720p_BluRay_x264_YIFY_mp4</link>
        <link>http://uptobox.com/jmxy11ums2j9</link>
        <thumbnail>https://image.tmdb.org/t/p/w640/n9JxLthRHwTWwu5OjFHVplkVSUg.jpg</thumbnail>
        </item>

        <item>
        <title>[COLORdarkorange]Carrie (2013)[/COLOR]</title>
        <link>https://estream.to/cb714ihc214t.html</link>
        <link>http://uptobox.com/n9ujoc46hk45</link>
        <thumbnail>https://image.tmdb.org/t/p/w640/v7VXw32hcsnhYYGEsuukyOz6m0I.jpg</thumbnail>
        </item>

        <item>
        <title>[COLORdarkorange]Children of the Corn (1984)[/COLOR]</title>
        <link>https://streamango.com/f/lberecqcnkcbnpfa/Children_of_the_Corn_1984_avi</link>
        <thumbnail>https://image.tmdb.org/t/p/w1280/zH77CDSRPeYfZZJyyKSt84j62m8.jpg</thumbnail>
        </item>

        <item>
        <title>[COLORdarkorange]Creepshow (1982)[/COLOR]</title>
        <link>https://streamango.com/f/dcbqntcsaclfrptl/Creepshow_mkv</link>
        <thumbnail>https://image.tmdb.org/t/p/w640/hgKeTL416BPzLZntcsD1k7mNFRN.jpg</thumbnail>
        </item>

        <item>
        <title>[COLORdarkorange]Dog Soldiers (2002)[/COLOR]</title>
        <link>https://streamango.com/f/cokaelatqarqlspm/Dog_Soldiers_2002_720p_X264-ExtraTorrentRG_mp4</link>
        <thumbnail>https://image.tmdb.org/t/p/w640/kJLGyrjnphk6DnaJhYVFFoWJcCy.jpg</thumbnail>
        </item>

        <item>
        <title>[COLORdarkorange]Donnie Darko (2001)[/COLOR]</title>
        <link>https://streamango.com/f/kddommcrroaqncpa/Donnie_20Darko_2002_720pBluRay_-IRHD-_mkv_mp4</link>
        <thumbnail>https://image.tmdb.org/t/p/w640/nmb4QhCRmdfNP6rgb81yUFgI83l.jpg</thumbnail>
        </item>

        <item>
        <title>[COLORdarkorange]Dracula (1992)[/COLOR]</title>
        <link>https://www.rapidvideo.com/v/FKSJ0T8SFP</link>
        <thumbnail>https://image.tmdb.org/t/p/w640/ioHxm3D3JdSXR61LRhcVb8KdZOz.jpg</thumbnail>
        </item>

        <item>
        <title>[COLORdarkorange]Dracula Untold (2014)[/COLOR]</title>
        <link>https://streamango.com/f/qomofoensoddolqp/Dracula_Untold_2014_1080p_20BluRay_-IRHD-_mkv</link>
        <thumbnail>https://image.tmdb.org/t/p/w640/4oy4e0DP6LRwRszfx8NY8EYBj8V.jpg</thumbnail>
        </item>

        <item>
        <title>[COLORdarkorange]Evil Dead (1981)[/COLOR]</title>
        <link>https://streamango.com/f/pamnbooflsppdkrt/The_Evil_Dead_1981_720p_BRrip_x264_GAZ_YIFY_mp4</link>
        <thumbnail>https://image.tmdb.org/t/p/w1280/7cpSdCrBY7UhiygkcP57dpixXsW.jpg</thumbnail>
        </item>

        <item>
        <title>[COLORdarkorange]Evil Dead II (1987)[/COLOR]</title>
        <link>https://streamango.com/f/nlenqrsnsesdqpco/Evil_Dead_II_1987_720p_BRrip_x264_GAZ_mp4</link>
        <thumbnail>https://image.tmdb.org/t/p/w1280/n49mpgUsPgBfRg2qIEj31HX0chu.jpg</thumbnail>
        </item>

        <item>
        <title>[COLORdarkorange]Frankenstein (1931)[/COLOR]</title>
        <link>http://uptobox.com/yt0kewgilmz1</link>
        <thumbnail>https://image.tmdb.org/t/p/w640/wB58wlBAr6484Wm6VyFDqSD8VOJ.jpg</thumbnail>
        </item>

        <item>
        <title>[COLORdarkorange]Fright Night (1985)[/COLOR]</title>
        <link>https://streamango.com/f/lrnbnpaqbroeqasn/Fright_Night_1985_DVDRip_x264-VLiS_mkv</link>
        <thumbnail>https://image.tmdb.org/t/p/w1280/jE0YbuFlmaZUWeVTyYNpzYXjIbn.jpg</thumbnail>
        </item>

        <item>
        <title>[COLORdarkorange]Ginger Snaps (2000)[/COLOR]</title>
        <link>https://streamango.com/f/mrpqlplktlfrmnrb/Ginger_Snaps_2000_720p_BluRay_x264_YIFY_mp4</link>
        <thumbnail>https://image.tmdb.org/t/p/w640/ChTLC17F4nIjA7jP4F6QX9A8FJ.jpg</thumbnail>
        </item>

        <item>
        <title>[COLORdarkorange]Hellraiser (1987)[/COLOR]</title>
        <link>https://streamango.com/f/etkkofefqaqebrpn/Hellraiser_1987_DVDRip_ENG-BlicaDePreto_avi</link>
        <thumbnail>https://image.tmdb.org/t/p/w1280/hcq0TqbjBkPIOCKwYY5WTcjvT8o.jpg</thumbnail>
        </item>

        <item>
        <title>[COLORdarkorange]House of 1000 Corpses (2003)[/COLOR]</title>
        <link>https://streamango.com/f/fepknrloppqadomc/House_of_1000_Corpses_2003_1080p_BluRay_x264_YIFY_mp4</link>
        <thumbnail>https://image.tmdb.org/t/p/w640/rfkyA9ZQt07Lnn09QKcfDYBYoem.jpg</thumbnail>
        </item>

        <item>
        <title>[COLORdarkorange]House on Haunted Hill (1959)[/COLOR]</title>
        <link>https://streamango.com/f/lkktaadfrscfbran/House_on_Haunted_Hill_1959_720p_BluRay_x264_YIFY_mp4_mp4</link>
        <thumbnail>https://image.tmdb.org/t/p/w640/fnlPkYlVXrWUkQsVa8Y2tkFoPQq.jpg</thumbnail>
        </item>

        <item>
        <title>[COLORdarkorange]Idle Hands (1999)[/COLOR]</title>
        <link>https://streamango.com/f/kdnfofkemefkpaod/idle_hands-pfa_avi</link>
        <thumbnail>https://image.tmdb.org/t/p/w640/sRpgxBdFFDwZz9sgl5QiAJV44Sj.jpg</thumbnail>
        </item>

        <item>
        <title>[COLORdarkorange]It (2017)[/COLOR]</title>
        <link>http://uptobox.com/1bo55cvuq7ic</link>
        <thumbnail>https://image.tmdb.org/t/p/w640/s5M7kRJGlyFJ9yGS5hsfJ1x5wRb.jpg</thumbnail>
        </item>

        <item>
        <title>[COLORdarkorange]Pumpkinhead (1988)[/COLOR]</title>
        <link>https://streamango.com/f/neamdfrqdanbldrs/Pumpkinhead_1988_720p_BluRay_x264_YIFY_mp4</link>
        <thumbnail>https://image.tmdb.org/t/p/w1280/aQmTz1oa4vmTfL5UCeWSBNqfSIk.jpg</thumbnail>
        </item>

        <item>
        <title>[COLORdarkorange]Psycho (1960)[/COLOR]</title>
        <link>https://www.rapidvideo.com/v/FKRUTDTCCM</link>
        <thumbnail>https://image.tmdb.org/t/p/w640/oVXm1eBwkgBsOlzTgsMtgkPB2Ha.jpg</thumbnail>
        </item>

        <item>
        <title>[COLORdarkorange]Rocktober Blood (1984)[/COLOR]</title>
        <link>https://www.youtube.com/watch?v=hagJlYNMsL4</link>
        <thumbnail>https://image.tmdb.org/t/p/w640/uflkIALrfI9qRjR4btMOP9wVfg.jpg</thumbnail>
        </item>

        <item>
        <title>[COLORdarkorange]Sleepy Hollow (1999)[/COLOR]</title>
        <link>https://streamango.com/f/pqkpcnnqtrffknof/Sleepy_Hollow_1999_720p_BrRip_x264_YIFY_mp4</link>
        <thumbnail>https://image.tmdb.org/t/p/w640/mTN4m41lHKaIf0dVcWzVdCJOYik.jpg</thumbnail>
        </item>

        <item>
        <title>[COLORdarkorange]Tales of Halloween (2015)[/COLOR]</title>
        <link>https://streamango.com/f/maffsplsktpmtono/Tales_of_Halloween_2015_720p_WEBRip_x264_AAC-ETRG_mp4</link>
        <thumbnail>https://image.tmdb.org/t/p/w1280/hISRq3TJdALQj1RGCS6bQxbTnAf.jpg</thumbnail>
        </item>

        <item>
        <title>[COLORdarkorange]The Babadook (2014)[/COLOR]</title>
        <link>https://streamango.com/f/pdsbaknmlaoncpcc/The_Babadook_2014_720p_BluRay_x264_YIFY_mp4</link>
        <thumbnail>https://image.tmdb.org/t/p/w640/s6OFonr3k6aMTvFhbbl3Fd8ibrU.jpg</thumbnail>
        </item>

        <item>
        <title>[COLORdarkorange]The Houses October Built (2014)[/COLOR]</title>
        <link>https://streamango.com/f/alkrsdstbqffbfcd/The_Houses_October_Built_2014_WEB-DL_x264-RARBG_mp4</link>
        <thumbnail>https://image.tmdb.org/t/p/w1280/b4FCnCClSVTHK55QiNwS9p9IeCF.jpg</thumbnail>
        </item>

        <item>
        <title>[COLORdarkorange]The Houses October Built 2 (2017)[/COLOR]</title>
        <link>https://streamango.com/f/bcrortqrllcbando/The_Houses_October_Built_2_2017_HDRip_DD2_0_x264-BDP_mkv</link>
        <thumbnail>https://image.tmdb.org/t/p/w640/9ePD42CjuXgwsFNDl3EC8KRi0XC.jpg</thumbnail>
        </item>

        <item>
        <title>[COLORdarkorange]The Monster Squad (1987)[/COLOR]</title>
        <link>https://streamango.com/f/btqtmmnctqmqdord/The_Monster_Squad_1987_720p_BluRay_x264_VPPV_mp4</link>
        <thumbnail>https://image.tmdb.org/t/p/w1280/ise6Cvp4nWqfQ8hOyEK0MmctLV8.jpg</thumbnail>
        </item>

        <item>
        <title>[COLORdarkorange]The Witch (2016)[/COLOR]</title>
        <link>https://streamango.com/f/rbpttppfctobkecq/The_Witch_2015_BRRip_XViD-ETRG_avi_mp4_mp4</link>
        <thumbnail>https://image.tmdb.org/t/p/w640/jfGsfzq5JrMAKbAOV2TmhsOs3tf.jpg</thumbnail>
        </item>

        <item>
        <title>[COLORdarkorange]Trick r Treat (2007)[/COLOR]</title>
        <link>https://streamango.com/f/rkccsttektamsktk/Trick_or_Treat_1986_720p_BluRay_x264_YIFY_mp4</link>
        <thumbnail>https://image.tmdb.org/t/p/w1280/evI1rvNgKgbEDnG6Ah3csEXnclB.jpg</thumbnail>
        </item>

        <item>
        <title>[COLORdarkorange]When Good Ghouls Go Bad (2001)[/COLOR]</title>
        <link>https://streamango.com/f/efoabdlfckbdeass/When_Good_Ghouls_Go_Bad_avi</link>
        <thumbnail>https://image.tmdb.org/t/p/w640/tYNhlRqFmsAqitOvfrWfY4JWQjV.jpg</thumbnail>
        </item>

        <item>
        <title>[COLORdarkorange]Young Frankenstein (1974)[/COLOR]</title>
        <link>https://streamango.com/f/rcqmmetmakdrmres/Young_Frankenstein_1974_720p_BRrip_x264_YIFY_mp4</link>
        <thumbnail>https://image.tmdb.org/t/p/w1280/a3Bj2ht6liBFafNM46hqk9WEhcY.jpg</thumbnail>
        </item>

</items>        