<items>
        <item>
        <title>[B][COLORwhite]##### HALLOWEEN MOVIE SERIES #####[/COLOR][/B]</title>
        <link>none</link>
        <thumbnail>https://i.imgur.com/JNYCdSz.jpg</thumbnail>
        </item>

        <item>
        <title>[B][COLORdarkorange]A Nightmare on Elm Street Series[/COLOR][/B]</title>
        <link>https://raw.githubusercontent.com/bentkatu/repository.atrain/master/plugin.video.tempusmovies/resources/freddy.xml</link>
        <thumbnail>https://i.imgur.com/YGqcf6u.jpg</thumbnail>
        </item>

        <item>
        <title>[B][COLORdarkorange]Chucky Series[/COLOR][/B]</title>
        <link>https://raw.githubusercontent.com/bentkatu/repository.atrain/master/plugin.video.tempusmovies/resources/chucky.xml</link>
        <thumbnail>https://i.imgur.com/U0pQb4V.jpg</thumbnail>
        </item>

        <item>
        <title>[B][COLORdarkorange]Friday the 13th Series[/COLOR][/B]</title>
        <link>https://raw.githubusercontent.com/bentkatu/repository.atrain/master/plugin.video.tempusmovies/resources/jason.xml</link>
        <thumbnail>https://i.imgur.com/bjphMoA.jpg</thumbnail>
        </item>

        <item>
        <title>[B][COLORdarkorange]Ghostbusters Series[/COLOR][/B]</title>
        <link>https://raw.githubusercontent.com/bentkatu/repository.atrain/master/plugin.video.tempusmovies/resources/ghostbusters.xml</link>
        <thumbnail>https://i.imgur.com/dyO0fxg.jpg</thumbnail>
        </item>

        <item>
        <title>[B][COLORdarkorange]Halloween Series[/COLOR][/B]</title>
        <link>https://raw.githubusercontent.com/bentkatu/repository.atrain/master/plugin.video.tempusmovies/resources/myers.xml</link>
        <thumbnail>https://i.imgur.com/0A2jOPs.jpg</thumbnail>
        </item>

        <item>
        <title>[B][COLORdarkorange]Halloweentown Series[/COLOR][/B]</title>
        <link>https://raw.githubusercontent.com/bentkatu/repository.atrain/master/plugin.video.tempusmovies/resources/haltown.xml</link>
        <thumbnail>https://i.imgur.com/jPnJEC7.jpg</thumbnail>
        </item>

        <item>
        <title>[B][COLORdarkorange]Hammer Films[/COLOR][/B]</title>
        <link>https://raw.githubusercontent.com/bentkatu/repository.atrain/master/plugin.video.tempusmovies/resources/hammerfilms.xml</link>
        <thumbnail>https://i.imgur.com/xmPC20R.jpg</thumbnail>
        </item>

        <item>
        <title>[B][COLORdarkorange]Jeepers Creepers Series[/COLOR][/B]</title>
        <link>https://raw.githubusercontent.com/bentkatu/repository.atrain/master/plugin.video.tempusmovies/resources/jeepers.xml</link>
        <thumbnail>https://i.imgur.com/4Nerc8c.jpg</thumbnail>
        </item>

        <item>
        <title>[B][COLORdarkorange]Poltergeist Series[/COLOR][/B]</title>
        <link>https://raw.githubusercontent.com/bentkatu/repository.atrain/master/plugin.video.tempusmovies/resources/polt.xml</link>
        <thumbnail>https://i.imgur.com/LiEvGmg.jpg</thumbnail>
        </item>

        <item>
        <title>[B][COLORdarkorange]Scary Movie Series[/COLOR][/B]</title>
        <link>https://raw.githubusercontent.com/bentkatu/repository.atrain/master/plugin.video.tempusmovies/resources/scarymovie.xml</link>
        <thumbnail>https://i.imgur.com/DWReOGI.jpg</thumbnail>
        </item>

        <item>
        <title>[B][COLORdarkorange]The Exorcist Series[/COLOR][/B]</title>
        <link>https://raw.githubusercontent.com/bentkatu/repository.atrain/master/plugin.video.tempusmovies/resources/exorcist.xml</link>
        <thumbnail>https://i.imgur.com/bxPDCXy.jpg</thumbnail>
        </item>

</items>        