<items>
        <item>
        <title>[B][COLORwhite]##### HALLOWEENTOWN SERIES #####[/COLOR][/B]</title>
        <link>none</link>
        <thumbnail>https://i.imgur.com/jPnJEC7.jpg</thumbnail>
        </item>

	<item>
        <title>[COLORdarkorange]Halloweentown (1998)[/COLOR]</title>
        <link>https://streamango.com/f/raeemlkkepnprtnc/Halloweentown_1998_DvDrip_eng_Tam_avi</link>
        <thumbnail>https://image.tmdb.org/t/p/w640/b2bUOe2qL86GUDoncknSqCXaQgK.jpg</thumbnail>
        </item>

        <item>
        <title>[COLORdarkorange]Halloweentown II: Kalabar's Revenge (2001)[/COLOR]</title>
        <link>https://streamango.com/f/qmbfercmcebplcop/Halloweentown_II_-_Kalabar_s_Revenge_2001_DvDrip_eng_Tam_avi</link>
        <thumbnail>https://image.tmdb.org/t/p/w1280/v5ZJECL4rKsYGnmz61C5qtaj3xj.jpg</thumbnail>
        </item>

        <item>
        <title>[COLORdarkorange]Halloweentown High (2004)[/COLOR]</title>
        <link>https://streamango.com/f/fnmtrqmrbfmncaln/Halloweentown_High_2004_DvDrip_Eng_Tam_avi</link>
        <thumbnail>https://image.tmdb.org/t/p/w1280/unR7yBuFLvz0QkJ7BVh4TmMT3Uc.jpg</thumbnail>
        </item>

        <item>
        <title>[COLORdarkorange]Return to Halloweentown (2006)[/COLOR]</title>
        <link>https://streamango.com/f/rtlfkrfqpmtkcqtl/Return_To_Halloweentown_2007_SWESUB_DVDRip_XviD-SWEpneT_avi</link>
        <thumbnail>https://image.tmdb.org/t/p/w1280/oiL8krInXEmtaLUqciN6g4UWGwT.jpg</thumbnail>
        </item>

</items>