<item>
        <title>[COLORwhite]##### JEEPERS CREEPERS #####[/COLOR]</title>
        <link>none</link>
        <thumbnail>https://image.tmdb.org/t/p/w640/bBoKXcUfhao4FhiK1O0wCAjEFfy.jpg</thumbnail>
        </item>

        <title>[COLORdarkorange]Jeepers Creepers (2001)[/COLOR]</title>
        <link>https://streamango.com/f/cnfcrldfpeqfrppe/Jeepers_Creepers_2001_1080p_BRRip_x264_FRISKY_mp4</link>
        <link>http://uptobox.com/6r6s6hiycrlh</link>
        <thumbnail>https://image.tmdb.org/t/p/w1280/gaIiibMDw95MDT0QtpwMCFDSyQO.jpg</thumbnail>
        </item>

        <title>[COLORdarkorange]Jeepers Creepers 2 (2003)[/COLOR]</title>
        <link>http://uptobox.com/tqxe0iwnpl4x</link>
        <thumbnail>https://image.tmdb.org/t/p/w640/kYeoI6pFmt4mH6yndFgg0lyQZvL.jpg</thumbnail>
        </item>

        <title>[COLORdarkorange]Jeepers Creepers III (2017)[/COLOR]</title>
        <link>http://uptobox.com/n93scc726q2h</link>
        <thumbnail>https://image.tmdb.org/t/p/w640/iw4zbtCw01JhTMpFtyYBKEDPBSL.jpg</thumbnail>
        </item>

</items>