<items>
        <item>
        <title>[B][COLORwhite]##### HALLOWEEN MOVIES FOR KIDS #####[/COLOR][/B]</title>
        <link>none</link>
        <thumbnail>https://i.imgur.com/bl1q8eM.jpg</thumbnail>
        </item>

        <item>
        <title>[COLORpurple]A Disney Halloween (1983)[/COLOR]</title>
        <link>https://www.rapidvideo.com/v/FKTTOTU5PS</link>
        <thumbnail>https://i.imgur.com/uJ6eLQn.jpg</thumbnail>
        </item>

	<item>
        <title>[COLORpurple]Casper (1995)[/COLOR]</title>
        <link>https://streamango.com/f/abfdeocfbdrkeopd/Casper_1995_1080p_BluRay_x264_YIFY_mp4</link>
        <thumbnail>https://i.imgur.com/IZZtnr7.jpg</thumbnail>
        </item>

        <item>
        <title>[COLORpurple]Casper Meets Wendy (1998)[/COLOR]</title>
        <link>http://gorillavid.in/ef4tsjeys1qb</link>
        <thumbnail>https://i.imgur.com/7Ti0fxV.jpg</thumbnail>
        </item>

        <item>
        <title>[COLORpurple]Coraline (2005)[/COLOR]</title>
        <link>https://streamango.com/f/rnabbcqlfosotdnt/Coraline_2009_BluRay_720p_x264_YIFY_mp4</link>
        <thumbnail>https://i.imgur.com/p7ELtps.jpg</thumbnail>
        </item>
        
        <item>
        <title>[COLORpurple]Corpse Bride (2009)[/COLOR]</title>
        <link>https://estream.to/ykw41o8tprq9.html</link>
        <thumbnail>https://i.imgur.com/v4knHUK.jpg</thumbnail>
        </item>

        <item>
        <title>[COLORdarkorange]Dark Shadows (2012)[/COLOR]</title>
        <link>https://streamango.com/f/aanbaelmnlmlfbbf/dark_shadows_2012_720p_bluray_x264-nezu_mkv</link>
        <link>http://uptobox.com/0o9iyg0hy5k7</link>
        <thumbnail>https://image.tmdb.org/t/p/w640/6125p54Jnog3kFsY33oMQF3d1dJ.jpg</thumbnail>
        </item>

        <item>
        <title>[COLORpurple]Dear Dracula (2012)[/COLOR]</title>
        <link>https://estream.to/iw0v09uztdct.html</link>
        <thumbnail>https://i.imgur.com/axh0SEY.jpg</thumbnail>
        </item>

        <item>
        <title>[COLORpurple]Edward Scissorhands (1990)[/COLOR]</title>
        <link>https://www.rapidvideo.com/v/FKTTUPFOJ6</link>
        <thumbnail>https://i.imgur.com/4V17yCa.jpg</thumbnail>
        </item>

	<item>
        <title>[COLORpurple]Frankenweenie (2012)[/COLOR]</title>
        <link>https://streamango.com/f/cbsodrdfnlkrbplr/Frankenweenie_2012_720p_BrRip_x264_YIFY_mp4</link>
        <thumbnail>https://i.imgur.com/h9KYo6s.jpg</thumbnail>
        </item>

        <item>
        <title>[COLORpurple]Garfields Halloween Adventure (1985)[/COLOR]</title>
        <link>https://streamango.com/f/skntesflkmlnbclf/Garfield_s_Halloween_Adventure_avi</link>
        <thumbnail>https://image.tmdb.org/t/p/w640/iUx1gp5kg1JhVaqEkjk6QwJJSKS.jpg</thumbnail>
        </item>

        <item>
        <title>[COLORpurple]Goosebumps (2015)[/COLOR]</title>
        <link>https://estream.to/jjkbnj4sl0rc.html</link>
        <thumbnail>https://image.tmdb.org/t/p/w640/eDfk8yoBoPKBRBRVVKZ0uCHsFfP.jpg</thumbnail>
        </item>

	<item>
        <title>[COLORpurple]Hocus Pocus (1993)[/COLOR]</title>
        <link>https://streamango.com/f/tbbareqqaeotobfm/Hocus_Pocus_1993_1080p_BrRip_x264_YIFY_mp4</link>
        <thumbnail>https://i.imgur.com/uAjjBny.jpg</thumbnail>
        </item>

	<item>
        <title>[COLORpurple]Hotel Transylvania (2012)[/COLOR]</title>
        <link>https://streamango.com/f/scaomlnnadknflms/Hotel_Transylvania_2012_720p_BluRay_x264_YIFY_mp4</link>
        <thumbnail>https://i.imgur.com/U0eMzhk.jpg</thumbnail>
        </item>

        <item>
        <title>[COLORpurple]Hotel Transylvania 2 (2015)[/COLOR]</title>
        <link>https://streamango.com/f/aatdrtcsdqmlkebo/Hotel_Transylvania_2_2015_720p_HDRip_X264-REMO_mkv</link>
        <thumbnail>https://i.imgur.com/AFXrZp1.jpg</thumbnail>
        </item>

        <item>
        <title>[COLORpurple]Its the Great Pumpkin Charlie Brown (1966)[/COLOR]</title>
        <link>https://streamango.com/f/adsplsomknekpdnt/Its_The_Great_Pumpkin_Charlie_Brown_1966_MnM-RG_H264_mp4</link>
        <thumbnail>https://i.imgur.com/UqPRTvS.jpg</thumbnail>
        </item>

        <item>
        <title>[COLORpurple]Lonesome Ghosts (1937)[/COLOR]</title>
        <link>https://www.rapidvideo.com/v/FKTVGOMHW3</link>
        <thumbnail>https://image.tmdb.org/t/p/w640/at4vvRJb2ckUwF0mrUcujtrhhUp.jpg</thumbnail>
        </item>

        <item>
        <title>[COLORpurple]Monster House (2006)[/COLOR]</title>
        <link>https://streamango.com/f/dfqscrmlstnkcqod/Monster_House_2006_720p_BluRay_x264_YIFY_mp4</link>
        <thumbnail>https://i.imgur.com/BtztIxA.jpg</thumbnail>
        </item>

        <item>
        <title>[COLORpurple]ParaNorman (2012)[/COLOR]</title>
        <link>https://streamango.com/f/nadosndfcblafbml/Paranorman_2012_720p_BrRip_x264_YIFY_mp4</link>
        <thumbnail>https://i.imgur.com/T2hYWuv.jpg</thumbnail>
        </item>

        <item>
        <title>[COLORpurple]The Addams Family (1991)[/COLOR]</title>
        <link>https://streamango.com/f/epekalltrfpktcmq/The_Addams_Family_1991_720p_BluRay_x264_YIFY_mp4</link>
        <thumbnail>https://i.imgur.com/HOOE9Gb.jpg</thumbnail>
        </item>

        <item>
        <title>[COLORpurple]The Haunted Mansion (2003)[/COLOR]</title>
        <link>https://estream.to/0kxksqkpgn09.html</link>https://i.imgur.com/T2hYWuv.jpg
        <thumbnail>https://i.imgur.com/b7Z4veg.jpg</thumbnail>
        </item>

        <item>
        <title>[COLORpurple]The Nightmare Before Christmas (1993)[/COLOR]</title>
        <link>https://streamango.com/f/tkcesqtnceokbelc/The_Nightmare_Before_Christmas_1993_DvDrip_Eng_-YeasT_avi</link>
        <thumbnail>https://i.imgur.com/lJCGwJk.jpg</thumbnail>
        </item>

        <item>
        <title>[COLORpurple]The Witches (1990)[/COLOR]</title>
        <link>https://www.rapidvideo.com/v/FKTU0TEIDQ</link>
        <thumbnail>https://i.imgur.com/rUpKQnd.jpg</thumbnail>
        </item>

        <item>
        <title>[COLORpurple]Under Wraps (1997)[/COLOR]</title>
        <link>https://estream.to/2hofzga92rbl.html</link>
        <thumbnail>https://i.imgur.com/3GOEPDs.jpg</thumbnail>
        </item>

</items>