<items>
	<item>
        <title>[COLORdarkorange]S3E1[/COLOR]</title>
        <link>https://estream.to/pd0ydslsym3i.html</link>
        <thumbnail>none</thumbnail>
        </item>

        <item>
        <title>[COLORdarkorange]S3E2[/COLOR]</title>
        <link>https://estream.to/pcxgazjddo5j.html</link>
        <thumbnail>none</thumbnail>
        </item>

        <item>
        <title>[COLORdarkorange]S3E3[/COLOR]</title>
        <link>https://estream.to/wvykz4k8wbp3.html</link>
        <thumbnail>none</thumbnail>
        </item>

        <item>
        <title>[COLORdarkorange]S3E4[/COLOR]</title>
        <link>https://estream.to/bp8x1upq5gsi.html</link>
        <thumbnail>none</thumbnail>
        </item>

        <item>
        <title>[COLORdarkorange]S3E5[/COLOR]</title>
        <link>https://estream.to/xpwm78sjnic6.html</link>
        <thumbnail>none</thumbnail>
        </item>

        <item>
        <title>[COLORdarkorange]S3E6[/COLOR]</title>
        <link>https://estream.to/n7rjpfizwayz.html</link>
        <thumbnail>none</thumbnail>
        </item>

        <item>
        <title>[COLORdarkorange]S3E7[/COLOR]</title>
        <link>https://estream.to/hi2ozwtuqyex.html</link>
        <thumbnail>none</thumbnail>
        </item>

        <item>
        <title>[COLORdarkorange]S3E8[/COLOR]</title>
        <link>https://estream.to/vzj98tm3pfan.html</link>
        <thumbnail>none</thumbnail>
        </item>

        <item>
        <title>[COLORdarkorange]S3E9[/COLOR]</title>
        <link>https://estream.to/vv5tgvtpkaoz.html</link>
        <thumbnail>none</thumbnail>
        </item>

</items>	

