<items>
	<item>
        <title>[COLORdarkorange]S1E1[/COLOR]</title>
        <link>https://streamango.com/f/dlcrpkpepmlentlp/Penny_Dreadful_S01E01_720p_HDTV_450MB_ShAaNiG_com_mkv</link>
        <thumbnail>none</thumbnail>
        </item>

        <item>
        <title>[COLORdarkorange]S1E2[/COLOR]</title>
        <link>https://streamango.com/f/lnbqfcsafalrpdmk/Penny_Dreadful_S01E02_720p_HDTV_450MB_ShAaNiG_com_mkv</link>
        <thumbnail>none</thumbnail>
        </item>

        <item>
        <title>[COLORdarkorange]S1E3[/COLOR]</title>
        <link>https://streamango.com/f/cndqkcmmqberaomp/Penny_Dreadful_S01E03_720p_HDTV_450MB_ShAaNiG_com_mkv</link>
        <thumbnail>none</thumbnail>
        </item>

        <item>
        <title>[COLORdarkorange]S1E4[/COLOR]</title>
        <link>https://streamango.com/f/qoombdmldfdklqqb/Penny_Dreadful_S01E04_720p_HDTV_450MB_ShAaNiG_com_mkv</link>
        <thumbnail>none</thumbnail>
        </item>

        <item>
        <title>[COLORdarkorange]S1E5[/COLOR]</title>
        <link>https://streamango.com/f/mdkcprtnlfdmcoqf/Penny_Dreadful_S01E05_720p_HDTV_450MB_ShAaNiG_com_mkv</link>
        <thumbnail>none</thumbnail>
        </item>

        <item>
        <title>[COLORdarkorange]S1E6[/COLOR]</title>
        <link>https://streamango.com/f/lpctebkktccebdpp/Penny_Dreadful_S01E06_720p_HDTV_450MB_ShAaNiG_com_mkv</link>
        <thumbnail>none</thumbnail>
        </item>

        <item>
        <title>[COLORdarkorange]S1E7[/COLOR]</title>
        <link>https://streamango.com/f/sbdtfmfoeqqnpnfm/Penny_Dreadful_S01E07_720p_HDTV_450MB_ShAaNiG_com_mkv</link>
        <thumbnail>none</thumbnail>
        </item>

        <item>
        <title>[COLORdarkorange]S1E8[/COLOR]</title>
        <link>https://streamango.com/f/fnfsbmeqafcsncco/Penny_Dreadful_S01E08_720p_HDTV_450MB_ShAaNiG_com_mkv</link>
        <thumbnail>none</thumbnail>
        </item>

</items>