<items>
	<item>
        <title>[COLORdarkorange]S2E1[/COLOR]</title>
        <link>https://www.rapidvideo.com/v/FKZ3RZ1W5M</link>
        <thumbnail>none</thumbnail>
        </item>

        <item>
        <title>[COLORdarkorange]S2E2[/COLOR]</title>
        <link>https://www.rapidvideo.com/v/FKZ3TQLDTF</link>
        <thumbnail>none</thumbnail>
        </item>

        <item>
        <title>[COLORdarkorange]S2E3[/COLOR]</title>
        <link>https://www.rapidvideo.com/v/FKZ3OPNI7Q</link>
        <thumbnail>none</thumbnail>
        </item>

        <item>
        <title>[COLORdarkorange]S2E4[/COLOR]</title>
        <link>https://www.rapidvideo.com/v/FKZ3IOQEJ4</link>
        <thumbnail>none</thumbnail>
        </item>

        <item>
        <title>[COLORdarkorange]S2E5[/COLOR]</title>
        <link>https://www.rapidvideo.com/v/FKZ3MNW0RH</link>
        <thumbnail>none</thumbnail>
        </item>

        <item>
        <title>[COLORdarkorange]S2E6[/COLOR]</title>
        <link>https://www.rapidvideo.com/v/FKZ42Q8BGA</link>
        <thumbnail>none</thumbnail>
        </item>

        <item>
        <title>[COLORdarkorange]S2E7[/COLOR]</title>
        <link>https://www.rapidvideo.com/v/FKZ3LO7H4E</link>
        <thumbnail>none</thumbnail>
        </item>

        <item>
        <title>[COLORdarkorange]S2E8[/COLOR]</title>
        <link>https://www.rapidvideo.com/v/FKZ47W1MN4</link>
        <thumbnail>none</thumbnail>
        </item>

        <item>
        <title>[COLORdarkorange]S2E9[/COLOR]</title>
        <link>https://www.rapidvideo.com/v/FKZ4789PWA</link>
        <thumbnail>none</thumbnail>
        </item>

        <item>
        <title>[COLORdarkorange]S2E10[/COLOR]</title>
        <link>https://www.rapidvideo.com/v/FKZ46TR4UN</link>
        <thumbnail>none</thumbnail>
        </item>

</items>	

