<items>
	<item>
        <title>[COLORdarkorange]Poltergeist (1982)[/COLOR]</title>
        <link>https://streamango.com/f/meeekfmqrleenamn/01_Poltergeist_25th_Anniversary_Edition_-_Horror_1982_Eng_Subs_1080p_H264-mp4_mp4</link>
        <thumbnail>https://image.tmdb.org/t/p/w640/hKs6umpuLSgZhOiZI1pxpO0iVTQ.jpg</thumbnail>
        </item>

        <item>
        <title>[COLORdarkorange]Poltergeist II: The Other Side (1986)[/COLOR]</title>
        <link>https://streamango.com/f/sdedbkbpsdmnqdsc/02_Poltergeist_II_The_Other_Side_-_Horror_1986_Eng_Subs_1080p_H264-mp4_mp4</link>
        <thumbnail>https://image.tmdb.org/t/p/w640/wp8IkFabtxJohz8ivfwNWt4Bcse.jpg</thumbnail>
        </item>

        <item>
        <title>[COLORdarkorange]Poltergeist III (1982)[/COLOR]</title>
        <link>https://streamango.com/f/obarprnrcbaotkmn/03_Poltergeist_III_-_Horror_1988_Eng_Subs_1080p_H264-mp4_mp4</link>
        <thumbnail>https://image.tmdb.org/t/p/w640/v9oUSTqPQggrSJVf3Ekk8Gq1Hd6.jpg</thumbnail>
        </item>

        <item>
        <title>[COLORdarkorange]Poltergeist (2015)[/COLOR]</title>
        <link>https://estream.to/wqsurvn8wtlo.html</link>
        <thumbnail>https://image.tmdb.org/t/p/w640/fZrtwNq0RcQ4AKY6cJXZD7dwgVL.jpg</thumbnail>
        </item>

</items>