<items>
        <item>
        <title>[B][COLORwhite]##### RANDOM HALLOWEEN TV SHOWS #####[/COLOR][/B]</title>
        <link>none</link>
        <thumbnail>https://i.imgur.com/vnVq0wL.jpg</thumbnail>
        </item>

	<item>
        <title>[B][COLORdarkorange]American Dad: Best Little Horror House in Langley Falls[/COLOR][/B]</title>
        <link>https://estream.to/16s8lbef4flz.html</link>
        <thumbnail>none</thumbnail>
        </item>

        <item>
        <title>[B][COLORdarkorange]Buffy: Halloween[/COLOR][/B]</title>
        <link>https://estream.to/pf9nf0woi901.html</link>
        <thumbnail>none</thumbnail>
        </item>

        <item>
        <title>[B][COLORdarkorange]Buffy: Fear Itself[/COLOR][/B]</title>
        <link>https://estream.to/1ulxsbfisfhh.html</link>
        <thumbnail>none</thumbnail>
        </item>

        <item>
        <title>[B][COLORdarkorange]Buffy: Buffy Vs Dracula[/COLOR][/B]</title>
        <link>https://estream.to/0h4l7kgoyopa.html</link>
        <thumbnail>none</thumbnail>
        </item>

        <item>
        <title>[B][COLORdarkorange]Cheers: Fairy Tales Can Come True[/COLOR][/B]</title>
        <link>https://estream.to/r6blfhveq6h0.html</link>
        <thumbnail>none</thumbnail>
        </item>

        <item>
        <title>[B][COLORdarkorange]Cheers: House of Horrors[/COLOR][/B]</title>
        <link>https://estream.to/tmgxvg0ublwj.html</link>
        <thumbnail>none</thumbnail>
        </item>

        <item>
        <title>[B][COLORdarkorange]Family Guy: Halloween on Spooner Street[/COLOR][/B]</title>
        <link>https://estream.to/hjv27ju7oovc.html</link>
        <thumbnail>none</thumbnail>
        </item>

        <item>
        <title>[B][COLORdarkorange]Frasier: Halloween[/COLOR][/B]</title>
        <link>https://estream.to/cgedb19qgm0t.html</link>
        <thumbnail>none</thumbnail>
        </item>

        <item>
        <title>[B][COLORdarkorange]Frasier: Room full of Heroes[/COLOR][/B]</title>
        <link>https://estream.to/yx4gh9ht4m9o.html</link>
        <thumbnail>none</thumbnail>
        </item>

        <item>
        <title>[B][COLORdarkorange]Frasier: Tales from the Crypt[/COLOR][/B]</title>
        <link>https://estream.to/kjd893p6bl7h.html</link>
        <thumbnail>none</thumbnail>
        </item>

        <item>
        <title>[B][COLORdarkorange]Glee: Rocky Horror Picture Show[/COLOR][/B]</title>
        <link>https://estream.to/shommehib76u.html</link>
        <thumbnail>none</thumbnail>
        </item>

        <item>
        <title>[B][COLORdarkorange]Gossip Girl: How to Succeed in Bassness[/COLOR][/B]</title>
        <link>https://estream.to/g4ibf8t7o3s3.html</link>
        <thumbnail>none</thumbnail>
        </item>

        <item>
        <title>[B][COLORdarkorange]Greek: Friday Night Fights[/COLOR][/B]</title>
        <link>https://estream.to/n7fjorb1js80.html</link>
        <thumbnail>none</thumbnail>
        </item>

        <item>
        <title>[B][COLORdarkorange]Greys Anatomy: Haunt You Everday[/COLOR][/B]</title>
        <link>https://estream.to/c0od74i99xei.html</link>
        <thumbnail>none</thumbnail>
        </item>

        <item>
        <title>[B][COLORdarkorange]Hannah Montana: Torn between Two Hannahs[/COLOR][/B]</title>
        <link>https://estream.to/meodehmgruqs.html</link>
        <thumbnail>none</thumbnail>
        </item>

        <item>
        <title>[B][COLORdarkorange]Hart of Dixie: The Undead and the Unsaid[/COLOR][/B]</title>
        <link>https://estream.to/c4llqjybpufv.html</link>
        <thumbnail>none</thumbnail>
        </item>

        <item>
        <title>[B][COLORdarkorange]How I Met Your Mother: The Slutty Pumpkin[/COLOR][/B]</title>
        <link>https://estream.to/cc3nmdedcths.html</link>
        <thumbnail>none</thumbnail>
        </item>

        <item>
        <title>[B][COLORdarkorange]How I Met Your Mother: The Slutty Pumpkin Returns[/COLOR][/B]</title>
        <link>https://estream.to/82clufypxzin.html</link>
        <thumbnail>none</thumbnail>
        </item>

        <item>
        <title>[B][COLORdarkorange]Its Always Sunny in Philadelphia: Who Got Dee Pregnant[/COLOR][/B]</title>
        <link>https://estream.to/f3abrnbn0epw.html</link>
        <thumbnail>none</thumbnail>
        </item>

        <item>
        <title>[B][COLORdarkorange]Its Always Sunny in Philadelphia: The Maureen Ponderosa Wedding Massacre[/COLOR][/B]</title>
        <link>https://estream.to/mk8371r2nkj6.html</link>
        <thumbnail>none</thumbnail>
        </item>

        <item>
        <title>[B][COLORdarkorange]Malcolm in the Middle: Halloween (season 2)[/COLOR][/B]</title>
        <link>https://estream.to/4vwwn48nnwv3.html</link>
        <thumbnail>none</thumbnail>
        </item>

        <item>
        <title>[B][COLORdarkorange]Malcolm in the Middle: Halloween (season 7)[/COLOR][/B]</title>
        <link>https://estream.to/uja9eudinofm.html</link>
        <thumbnail>none</thumbnail>
        </item>

        <item>
        <title>[B][COLORdarkorange]New Girl: Halloween[/COLOR][/B]</title>
        <link>https://estream.to/zztdupmb5rbh.html</link>
        <thumbnail>none</thumbnail>
        </item>

        <item>
        <title>[B][COLORdarkorange]One Tree Hill: An Attempt to Tip the Scales[/COLOR][/B]</title>
        <link>https://estream.to/il46f2u8j0az.html</link>
        <thumbnail>none</thumbnail>
        </item>

        <item>
        <title>[B][COLORdarkorange]Parks and Recreation: Greg Piktis[/COLOR][/B]</title>
        <link>https://estream.to/mf7baesshtnr.html</link>
        <thumbnail>none</thumbnail>
        </item>

        <item>
        <title>[B][COLORdarkorange]Parks and Recreation: Meet n Greet[/COLOR][/B]</title>
        <link>https://estream.to/ly1v6ptgikc2.html</link>
        <thumbnail>none</thumbnail>
        </item>

        <item>
        <title>[B][COLORdarkorange]Parks and Recreation: Halloween Surprise[/COLOR][/B]</title>
        <link>https://estream.to/dyxse7vo2ued.html</link>
        <thumbnail>none</thumbnail>
        </item>

        <item>
        <title>[B][COLORdarkorange]Pretty Little Liars: The First Secret[/COLOR][/B]</title>
        <link>https://estream.to/7vjp7j7kgprg.html</link>
        <thumbnail>none</thumbnail>
        </item>

        <item>
        <title>[B][COLORdarkorange]Pretty Little Liars: This is a Dark Ride[/COLOR][/B]</title>
        <link>https://estream.to/36etdq3e401f.html</link>
        <thumbnail>none</thumbnail>
        </item>

        <item>
        <title>[B][COLORdarkorange]Pretty Little Liars: Now You See Me, Now You Dont[/COLOR][/B]</title>
        <link>https://estream.to/pz6fcbj3ntyu.html</link>
        <thumbnail>none</thumbnail>
        </item>

        <item>
        <title>[B][COLORdarkorange]Raising Hope: Halloween Special[/COLOR][/B]</title>
        <link>https://estream.to/2f96yuxoffu7.html</link>
        <thumbnail>none</thumbnail>
        </item>

        <item>
        <title>[B][COLORdarkorange]That 70s Show: Halloween[/COLOR][/B]</title>
        <link>https://estream.to/uh6iwtqw76kw.html</link>
        <thumbnail>none</thumbnail>
        </item>

        <item>
        <title>[B][COLORdarkorange]That 70s Show: Too Old to Trick or Treat, Too Young to Die[/COLOR][/B]</title>
        <link>https://estream.to/aac2lb1utod9.html</link>
        <thumbnail>none</thumbnail>
        </item>

        <item>
        <title>[B][COLORdarkorange]The League: Halloween Special[/COLOR][/B]</title>
        <link>https://estream.to/qy26zlneiwwb.html</link>
        <thumbnail>none</thumbnail>
        </item>

        <item>
        <title>[B][COLORdarkorange]The Office: Halloween[/COLOR][/B]</title>
        <link>https://estream.to/k1s7og23vfap.html</link>
        <thumbnail>none</thumbnail>
        </item>

        <item>
        <title>[B][COLORdarkorange]The Office: Costume Contest[/COLOR][/B]</title>
        <link>https://estream.to/6ljfbjxqze6c.html</link>
        <thumbnail>none</thumbnail>
        </item>

        <item>
        <title>[B][COLORdarkorange]The Office: Spooked[/COLOR][/B]</title>
        <link>https://estream.to/3vso260j73ma.html</link>
        <thumbnail>none</thumbnail>
        </item>

        <item>
        <title>[B][COLORdarkorange]The Office: Here Comes Treble[/COLOR][/B]</title>
        <link>https://estream.to/be0cqoif04am.html</link>
        <thumbnail>none</thumbnail>
        </item>

        <item>
        <title>[B][COLORdarkorange]The Vampire Diaries: Monsters Ball[/COLOR][/B]</title>
        <link>https://estream.to/tvm3nvinyd7v.html</link>
        <thumbnail>none</thumbnail>
        </item>

        <item>
        <title>[B][COLORdarkorange]Wizards of Waverly Place: Halloween Special[/COLOR][/B]</title>
        <link>https://estream.to/s9ls2k86o7j8.html</link>
        <thumbnail>none</thumbnail>
        </item>

</items>