<items>
        <item>
        <title>[B][COLORdarkorange]Scary Movie (2000)[/COLOR][/B]</title>
        <link>https://streamango.com/f/ebalkqfqnbroacbo/Scary_Movie_1_2000_mp4</link>
        <thumbnail>https://image.tmdb.org/t/p/w640/bvVmVFBVQLytK1H4TJTFdnhvf4T.jpg</thumbnail>
        </item>

        <item>
        <title>[B][COLORdarkorange]Scary Movie 2 (2001)[/COLOR][/B]</title>
        <link>https://streamango.com/f/fbfdotoomnatqrfq/Scary_Movie_2_2001_mp4</link>
        <thumbnail>https://image.tmdb.org/t/p/w640/tSGWhSResV2Cnqqr91TGKyZzf79.jpg</thumbnail>
        </item>

        <item>
        <title>[B][COLORdarkorange]Scary Movie 3 (2003)[/COLOR][/B]</title>
        <link>https://streamango.com/f/bnalfqosfmsdpblq/Scary_Movie_3_2003_mp4</link>
        <thumbnail>https://image.tmdb.org/t/p/w640/jlzEF7sTseYDB9H5dN29YFZt5Na.jpg</thumbnail>
        </item>

        <item>
        <title>[B][COLORdarkorange]Scary Movie 4 (2006)[/COLOR][/B]</title>
        <link>https://streamango.com/f/tfnnokmssscafrln/Scary_Movie_4_2006_mp4</link>
        <thumbnail>https://image.tmdb.org/t/p/w640/lfvDTZOi023sfpFfNkfVRD1oJei.jpg</thumbnail>
        </item>

        <item>
        <title>[B][COLORdarkorange]Scary Movie 5 (2013)[/COLOR][/B]</title>
        <link>https://streamango.com/f/pkkbqcrmcqrrmttk/Scary_Movie_5_2013_mp4</link>
        <thumbnail>https://image.tmdb.org/t/p/w640/zYptQLRnePlv5rYg2kYOCZ3C31Q.jpg</thumbnail>
        </item>

</items>