<items>
	<item>
        <title>[COLORdarkorange]S4E1[/COLOR]</title>
        <link>https://estream.to/0msyp5hfiwk9.html</link>
        <thumbnail>none</thumbnail>
        </item>

        <item>
        <title>[COLORdarkorange]S4E2[/COLOR]</title>
        <link>https://estream.to/sco3d13d80tt.html</link>
        <thumbnail>none</thumbnail>
        </item>

        <item>
        <title>[COLORdarkorange]43E3[/COLOR]</title>
        <link>https://estream.to/ovxrm4ckxty4.html</link>
        <thumbnail>none</thumbnail>
        </item>

        <item>
        <title>[COLORdarkorange]S4E4[/COLOR]</title>
        <link>https://estream.to/jmpdvvixzlgz.html</link>
        <thumbnail>none</thumbnail>
        </item>

        <item>
        <title>[COLORdarkorange]S4E5[/COLOR]</title>
        <link>https://estream.to/isplbe6xtv23.html</link>
        <thumbnail>none</thumbnail>
        </item>

        <item>
        <title>[COLORdarkorange]S4E6[/COLOR]</title>
        <link>https://estream.to/losdsa081cit.html</link>
        <thumbnail>none</thumbnail>
        </item>

        <item>
        <title>[COLORdarkorange]S4E7[/COLOR]</title>
        <link>https://estream.to/cdollx44isqh.html</link>
        <thumbnail>none</thumbnail>
        </item>

        <item>
        <title>[COLORdarkorange]S4E8[/COLOR]</title>
        <link>https://estream.to/2cctzgmvyxmg.html</link>
        <thumbnail>none</thumbnail>
        </item>

        <item>
        <title>[COLORdarkorange]S4E9[/COLOR]</title>
        <link>https://estream.to/j4ti5o0sn5zy.html</link>
        <thumbnail>none</thumbnail>
        </item>

        <item>
        <title>[COLORdarkorange]S4E10[/COLOR]</title>
        <link>https://estream.to/3gqaw8fq8f4i.html</link>
        <thumbnail>none</thumbnail>
        </item>

        <item>
        <title>[COLORdarkorange]S4E11[/COLOR]</title>
        <link>https://estream.to/vtxne8gjv5kd.html</link>
        <thumbnail>none</thumbnail>
        </item>

        <item>
        <title>[COLORdarkorange]S4E12[/COLOR]</title>
        <link>https://estream.to/rpyrzcuqtdve.html</link>
        <thumbnail>none</thumbnail>
        </item>

        <item>
        <title>[COLORdarkorange]S4E13[/COLOR]</title>
        <link>https://estream.to/kokoaaiu2ygr.html</link>
        <thumbnail>none</thumbnail>
        </item>

</items>