<items>
        <item>
        <title>[B][COLORwhite]##### SLEEPY HOLLOW #####[/COLOR][/B]</title>
        <link>none</link>
        <thumbnail>https://image.tmdb.org/t/p/w640/czUsd3BlBZhWIOw2GqpQV5U4hKb.jpg</thumbnail>
        </item>

	<item>
        <title>[COLORdarkorange]Season 1[/COLOR]</title>
        <link>https://raw.githubusercontent.com/bentkatu/repository.atrain/master/plugin.video.tempusmovies/resources/sleepyhollowtv1.xml</link>
        <thumbnail>none</thumbnail>
        </item>

        <item>
        <title>[COLORdarkorange]Season 2[/COLOR]</title>
        <link>https://raw.githubusercontent.com/bentkatu/repository.atrain/master/plugin.video.tempusmovies/resources/sleepyhollowtv2.xml</link>
        <thumbnail>none</thumbnail>
        </item>

        <item>
        <title>[COLORdarkorange]Season 3[/COLOR]</title>
        <link>https://raw.githubusercontent.com/bentkatu/repository.atrain/master/plugin.video.tempusmovies/resources/sleepyhollowtv3.xml</link>
        <thumbnail>none</thumbnail>
        </item>

        <item>
        <title>[COLORdarkorange]Season 4[/COLOR]</title>
        <link>https://raw.githubusercontent.com/bentkatu/repository.atrain/master/plugin.video.tempusmovies/resources/sleepyhollowtv4.xml</link>
        <thumbnail>none</thumbnail>
        </item>


</items>