<items>
        <item>
        <title>[B][COLORwhite]##### STRANGER THINGS SEASON 2 #####[/COLOR][/B]</title>
        <link>none</link>
        <thumbnail>https://image.tmdb.org/t/p/w640/iyl4jUlmBZphjz0ygbWhIPUmS4p.jpg</thumbnail>
        </item>

        <item>
        <title>[B][COLORdarkorange]Episode 1[/COLOR][/B]</title>
        <link>https://streamango.com/f/tedekcmafoemabod/Stranger_Things_S02E01_iNTERNAL_XviD-AFG_avi</link>
        <link>https://openload.co/f/bA_9C-QuAlI/Stranger.Things.S02E01.iNTERNAL.XviD-AFG.avi</link>
        <link>https://openload.co/f/_dYcueA_UUw/Stranger.Things.S02E01.Chapter.One.MADMAX.1080p.NF.WEB-DL.DD5.1.x264-NTb.mkv</link>
        <thumbnail>none</thumbnail>
        </item>

        <item>
        <title>[B][COLORdarkorange]Episode 2[/COLOR][/B]</title>
        <link>https://streamango.com/f/tperpdcacbqkpkdr/Stranger_Things_S02E02_iNTERNAL_XviD-AFG_avi</link>
        <link>https://openload.co/f/bYSZe5jTPeA/Stranger.Things.S02E02.iNTERNAL.XviD-AFG.avi</link>
        <link>https://openload.co/f/DFy1u06K71s/Stranger.Things.S02E02.Chapter.Two.Trick.or.Treat.Freak.1080p.NF.WEB-DL.DD5.1.x264-NTb.mkv</link>
        <thumbnail>none</thumbnail>
        </item>

        <item>
        <title>[B][COLORdarkorange]Episode 3[/COLOR][/B]</title>
        <link>https://streamango.com/f/tbeafdcekrclclor/Stranger_Things_S02E03_iNTERNAL_XviD-AFG_avi</link>
        <link>https://openload.co/f/KP00xywKMLo/Stranger.Things.S02E03.iNTERNAL.XviD-AFG.avi</link>
        <link>https://openload.co/f/tTzPtg5oMS4/Stranger.Things.S02E03.Chapter.Three.The.Pollywog.1080p.NF.WEB-DL.DD5.1.x264-NTb.mkv</link>
        <thumbnail>none</thumbnail>
        </item>

        <item>
        <title>[B][COLORdarkorange]Episode 4[/COLOR][/B]</title>
        <link>https://streamango.com/f/nbmlsmcmpntclpdf/Stranger_Things_S02E04_iNTERNAL_XviD-AFG_avi</link>
        <link>https://openload.co/f/2xCxfeQsCAU/Stranger.Things.S02E04.iNTERNAL.XviD-AFG.avi</link>
        <link>https://openload.co/f/eTkDqSnwDPg/Stranger.Things.S02E04.Chapter.Four.Will.the.Wise.1080p.NF.WEB-DL.DD5.1.x264-NTb.mkv</link>
        <thumbnail>none</thumbnail>
        </item>

        <item>
        <title>[B][COLORdarkorange]Episode 5[/COLOR][/B]</title>
        <link>https://streamango.com/f/bbedpspaesbsocmd/Stranger_Things_S02E05_iNTERNAL_XviD-AFG_avi</link>
        <link>https://openload.co/f/iRlmdel0Hrk/Stranger.Things.S02E05.iNTERNAL.XviD-AFG.avi</link>
        <link>https://openload.co/f/tWvLKZHvXRE/Stranger.Things.S02E05.Chapter.Five.Dig.Dug.1080p.NF.WEB-DL.DD5.1.x264-NTb.mkv</link>
        <thumbnail>none</thumbnail>
        </item>

        <item>
        <title>[B][COLORdarkorange]Episode 6[/COLOR][/B]</title>
        <link>https://streamango.com/f/bnteodbopqrontdd/Stranger_Things_S02E06_iNTERNAL_XviD-AFG_avi</link>
        <link>https://openload.co/f/D42Lj250z4M/Stranger.Things.S02E06.iNTERNAL.XviD-AFG.avi</link>
        <link>https://openload.co/f/usF6o1SzDHA/Stranger.Things.S02E06.Chapter.Six.The.Spy.1080p.NF.WEB-DL.DD5.1.x264-NTb.mkv</link>
        <thumbnail>none</thumbnail>
        </item>

        <item>
        <title>[B][COLORdarkorange]Episode 7[/COLOR][/B]</title>
        <link>https://streamango.com/f/nmsadalbaqoopats/Stranger_Things_S02E07_iNTERNAL_XviD-AFG_avi</link>
        <link>https://openload.co/f/u-DjBjYlmOA/Stranger.Things.S02E07.iNTERNAL.XviD-AFG.avi</link>
        <link>https://openload.co/f/4Cvll8-aSiI/Stranger.Things.S02E07.Chapter.Seven.The.Lost.Sister.1080p.NF.WEB-DL.DD5.1.x264-NTb.mkv</link>
        <thumbnail>none</thumbnail>
        </item>

        <item>
        <title>[B][COLORdarkorange]Episode 8[/COLOR][/B]</title>
        <link>https://streamango.com/f/kktctmppendrddka/Stranger_Things_S02E08_iNTERNAL_XviD-AFG_avi</link>
        <link>https://openload.co/f/dwVwrWxR_QY/Stranger.Things.S02E08.iNTERNAL.XviD-AFG.avi</link>
        <link>https://openload.co/f/iuXKfVQtzhQ/Stranger.Things.S02E08.Chapter.Eight.The.Mind.Flayer.1080p.NF.WEB-DL.DD5.1.x264-NTb.mkv</link>
        <thumbnail>none</thumbnail>
        </item>

        <item>
        <title>[B][COLORdarkorange]Episode 9[/COLOR][/B]</title>
        <link>https://streamango.com/f/ktammbtafldeaofl/Stranger_Things_S02E09_iNTERNAL_XviD-AFG_avi</link>
        <link>https://openload.co/f/PqrbGQ1_smI/Stranger.Things.S02E09.iNTERNAL.XviD-AFG.avi</link>
        <link>https://openload.co/f/UjIosiGbrxM/Stranger.Things.S02E09.Chapter.Nine.The.Gate.1080p.NF.WEB-DL.DD5.1.x264-NTb.mkv</link>
        <thumbnail>none</thumbnail>
        </item>

</items>