<items>
        <item>
        <title>[B][COLORwhite]##### STRANGER THINGS SEASON 1 #####[/COLOR][/B]</title>
        <link>none</link>
        <thumbnail>https://image.tmdb.org/t/p/w640/s6gC48fQJNspRqFCYHpfh38racc.jpg</thumbnail>
        </item>

        <item>
        <title>[B][COLORdarkorange]Episode 1[/COLOR][/B]</title>
        <link>https://estream.to/0lubss1mzz27.html</link>
        <thumbnail>none</thumbnail>
        </item>

        <item>
        <title>[B][COLORdarkorange]Episode 2[/COLOR][/B]</title>
        <link>https://estream.to/1y9yple0d6zo.html</link>
        <thumbnail>none</thumbnail>
        </item>

        <item>
        <title>[B][COLORdarkorange]Episode 3[/COLOR][/B]</title>
        <link>https://estream.to/oaztn1195rid.html</link>
        <thumbnail>none</thumbnail>
        </item>

        <item>
        <title>[B][COLORdarkorange]Episode 4[/COLOR][/B]</title>
        <link>https://estream.to/62pdxyschewy.html</link>
        <thumbnail>none</thumbnail>
        </item>

        <item>
        <title>[B][COLORdarkorange]Episode 5[/COLOR][/B]</title>
        <link>https://estream.to/nd8pb2u12rok.html</link>
        <thumbnail>none</thumbnail>
        </item>

        <item>
        <title>[B][COLORdarkorange]Episode 6[/COLOR][/B]</title>
        <link>https://estream.to/p85uh0z2yp6i.html</link>
        <thumbnail>none</thumbnail>
        </item>

        <item>
        <title>[B][COLORdarkorange]Episode 7[/COLOR][/B]</title>
        <link>https://estream.to/w1wcjdqfmkyn.html</link>
        <thumbnail>none</thumbnail>
        </item>

        <item>
        <title>[B][COLORdarkorange]Episode 8[/COLOR][/B]</title>
        <link>https://estream.to/t06xbj8z5crn.html</link>
        <thumbnail>none</thumbnail>
        </item>

</items>