<items>
        <item>
        <title>[B][COLORskyblue]##### THANKSGIVING MOVIE SERIES #####[/COLOR][/B]</title>
        <link>none</link>
        <thumbnail>https://i.imgur.com/A8AK3ya.png</thumbnail>
        </item>

        <item>
        <title>[B][COLORsaddlebrown]Grumpy Old Men[/COLOR][/B]</title>
        <link>https://raw.githubusercontent.com/bentkatu/repository.atrain/master/plugin.video.tempusmovies/resources/grumpy.xml</link>
        <thumbnail>https://i.imgur.com/bBVLkBM.jpg</thumbnail>
        </item>

</items>