<items>
        <item>
        <title>[B][COLORskyblue]##### THANKSGIVING #####[/COLOR][/B]</title>
        <link>none</link>
        <thumbnail>https://i.imgur.com/7DwdXTo.jpg</thumbnail>
        </item>

        <item>
        <title>[B][COLORsaddlebrown]Thanksgiving Movies[/COLOR][/B]</title>
        <link>https://raw.githubusercontent.com/bentkatu/repository.atrain/master/plugin.video.tempusmovies/resources/thanksmovies.xml</link>
        <thumbnail>https://i.imgur.com/xY5nYB8.jpg</thumbnail>
        </item>

        <item>
        <title>[B][COLORsaddlebrown]Thanksgiving Movie Series[/COLOR][/B]</title>
        <link>https://raw.githubusercontent.com/bentkatu/repository.atrain/master/plugin.video.tempusmovies/resources/thanksmovieseries.xml</link>
        <thumbnail>https://i.imgur.com/1xWNEsS.png</thumbnail>
        </item>

        <item>
        <title>[B][COLORsaddlebrown]Thanksgiving TV Shows[/COLOR][/B]</title>
        <link>https://raw.githubusercontent.com/bentkatu/repository.atrain/master/plugin.video.tempusmovies/resources/thankstv.xml</link>
        <thumbnail>https://i.imgur.com/P2LuwVk.jpg</thumbnail>
        </item>

</items>