<items>
        <item>
        <title>[B][COLORskyblue]##### THANKSGIVING MOVIES #####[/COLOR][/B]</title>
        <link>none</link>
        <thumbnail>https://i.imgur.com/JKmeErN.jpg</thumbnail>
        </item>

        <item>
        <title>[B][COLORsaddlebrown]A Charlie Brown Thanksgiving (1973)[/COLOR][/B]</title>
        <link>https://estream.to/1emsymsgsh7k.html</link>
        <thumbnail>https://image.tmdb.org/t/p/w640/ra6CABVB4PubcGNntf1X5WP56hc.jpg</thumbnail>
        </item>

        <item>
        <title>[B][COLORsaddlebrown]Broadway Danny Rose (1984)[/COLOR][/B]</title>
        <link>https://www.rapidvideo.com/v/FKZ12AQ26O</link>
        <link>https://openload.co/f/x5nEaoa3uWs/Broadway.Danny.Rose.1984.1080p.BluRay.10bit.HEVC.EAC3-SARTRE.mkv</link>
        <thumbnail>https://image.tmdb.org/t/p/w640/zqMUSxMUGb9cq4nk8OZfAJkoe8B.jpg</thumbnail>
        </item>

        <item>
        <title>[B][COLORsaddlebrown]Dutch (1991)[/COLOR][/B]</title>
        <link>https://streamango.com/f/dsfbamqmdprdbrmn/Dutch_1991_720p_BRRip_x264-x0r_mkv</link>
        <thumbnail>https://image.tmdb.org/t/p/w640/ounuaeza1uYu4mKbGglCQMbnysV.jpg</thumbnail>
        </item>

        <item>
        <title>[B][COLORsaddlebrown]Free Birds (2013)[/COLOR][/B]</title>
        <link>https://estream.to/i3ws8rw1ynfx.html</link>
        <thumbnail>https://image.tmdb.org/t/p/w640/7wiqelQRrE2jJpPl2sfAVPLQmcG.jpg</thumbnail>
        </item>

        <item>
        <title>[B][COLORsaddlebrown]Funny People (2009)[/COLOR][/B]</title>
        <link>https://streamango.com/f/oofdeoeplqsfcdll/Funny_People_2009_m-HD_x264_mkv</link>
        <thumbnail>https://image.tmdb.org/t/p/w640/uWgcmAIfYURUHJGhY4Rq1IXcJIg.jpg</thumbnail>
        </item>

        <item>
        <title>[B][COLORsaddlebrown]Hannah and Her Sisters (1986)[/COLOR][/B]</title>
        <link>https://estream.to/lko8ml4yrllp.html</link>
        <thumbnail>https://image.tmdb.org/t/p/w640/4FpHLnUF4nCwDYMIBX7DHaEm5EU.jpg</thumbnail>
        </item>

        <item>
        <title>[B][COLORsaddlebrown]Home for the Holidays (1995)[/COLOR][/B]</title>
        <link>https://estream.to/p7k7xm6cryih.html</link>
        <thumbnail>https://image.tmdb.org/t/p/w640/h73htmR65rGIjkTmsOE7ZvpZ7wr.jpg</thumbnail>
        </item>

        <item>
        <title>[B][COLORsaddlebrown]House of Yes (1995)[/COLOR][/B]</title>
        <link>https://estream.to/4bd4g6ggxufc.html</link>
        <link>http://uptobox.com/1gbt6td0elzk</link>
        <thumbnail>https://image.tmdb.org/t/p/w640/uBu2KizwNg1NAduWOILTDL3UqoY.jpg</thumbnail>
        </item>

        <item>
        <title>[B][COLORsaddlebrown]Pieces of April (2003)[/COLOR][/B]</title>
        <link>https://estream.to/ttq57bb4rliy.html</link>
        <thumbnail>https://image.tmdb.org/t/p/w640/7f2NITuhXOBQTJctMopw6nJdULF.jpg</thumbnail>
        </item>

        <item>
        <title>[B][COLORsaddlebrown]Planes Trains and Automobiles (1987)[/COLOR][/B]</title>
        <link>https://estream.to/my6l5rqinev1.html</link>
        <thumbnail>https://image.tmdb.org/t/p/w640/t7Rrs11VNjWAi8loMLhRe94gesE.jpg</thumbnail>
        </item>

        <item>
        <title>[B][COLORsaddlebrown]Scent of a Woman (1992)[/COLOR][/B]</title>
        <link>https://streamango.com/f/msnnnsdkrpapkcds/Scent_of_a_Woman_avi</link>
        <thumbnail>https://image.tmdb.org/t/p/w640/22m6tUzIYxXs5cjyl7KJJPULlMT.jpg</thumbnail>
        </item>

        <item>
        <title>[B][COLORsaddlebrown]The Big Chill (1983)[/COLOR][/B]</title>
        <link>https://estream.to/uy93flmc2xsn.html</link>
        <thumbnail>https://image.tmdb.org/t/p/w640/iHSQ8dPtqa4qlT19I9fJKqWprHA.jpg</thumbnail>
        </item>

        <item>
        <title>[B][COLORsaddlebrown]The Ice Storm (1997)[/COLOR][/B]</title>
        <link>https://www.rapidvideo.com/v/FKW74VAHTQ</link>
        <thumbnail>https://image.tmdb.org/t/p/w640/e3j1Pn67bWos1pnBDE9GJNeAtcT.jpg</thumbnail>
        </item>

        <item>
        <title>[B][COLORsaddlebrown]The New World (2005)[/COLOR][/B]</title>
        <link>https://www.rapidvideo.com/v/FKYWQQVJ98</link>
        <link>http://uptobox.com/t3uh8g38yen6</link>
        <link>https://openload.co/f/LAZIvePzmvk/The.New.World.2005.EXTENDED.Bluray.1080p.x264.YIFY.mp4</link>
        <thumbnail>https://image.tmdb.org/t/p/w640/amihqP51DyBx1CZ8ybEvR1v68zH.jpg</thumbnail>
        </item>

        <item>
        <title>[B][COLORsaddlebrown]Youve Got Mail (1998)[/COLOR][/B]</title>
        <link>https://estream.to/lk1e3k0abc7p.html</link>
        <thumbnail>https://image.tmdb.org/t/p/w640/2XIsqnCwEE3Uf5TlP9H68STgtk6.jpg</thumbnail>
        </item>

</items>