<items>
        <item>
        <title>[COLOR=orange]A Halloween Puppy(2012)[/COLOR]</title>
        <link>http://185.176.192.107/vids/a_halloween_puppy_2012.mp4</link>
        <thumbnail>https://image.tmdb.org/t/p/w640/deLS7fjMyYaXSUWVd5wC21Y2eXK.jpg</thumbnail>
        </item>

        <item>
        <title>[COLOR=orange]All Hallows Eve(2013)[/COLOR]</title>
        <link>https://ph2dom.oloadcdn.net/dl/l/lmSi9NkNPXorlIum/79UWGP4ehtA/All+Hallows+Eve+2013+720p+ZOnlineMovies+com++mp4?mime=true</link>
        <thumbnail>https://image.tmdb.org/t/p/w640/2bTMXPO7vjEmZ04g9xAweoPitm9.jpg</thumbnail>
        </item>

        <item>
        <title>[COLOR=orange]Beetlejuice(1988)[/COLOR]</title>
        <link>https://r6---sn-vgqsrn7l.c.drive.google.com/videoplayback?id=57892c3c26fd3c21&itag=18&source=webdrive&begin=0&requiressl=yes&mm=30&mn=sn-vgqsrn7l&ms=nxu&mv=m&pl=20&sc=yes&ei=xprRWa7XKpCB-QWt5rWwAg&driveid=0BzaCX0Bbh_sGXzIwdEc4VUNvSEk&mime=video/mp4&lmt=1506271394316972&mt=1506908750&ip=67.235.169.18&ipbits=8&expire=1506916070&sparams=ip,ipbits,expire,id,itag,source,requiressl,mm,mn,ms,mv,pl,sc,ei,driveid,mime,lmt&signature=9115524A340059AC2C063FE8F73C3A55E27E2739.5EFE76644C69DFD36325487A7B04D2502B3EED4D&key=ck2</link>
        <thumbnail>https://image.tmdb.org/t/p/w1280/gWnW7vxm8yr01TVLQhL4aI02orp.jpg</thumbnail>
        </item>

        <item>
        <title>[COLOR=orange]Boo! A Madea Halloween(2016)[/COLOR]</title>
        <link>https://r4---sn-hp57kn6e.c.drive.google.com/videoplayback?id=72f2bec464c155be&itag=22&source=webdrive&begin=0&requiressl=yes&mm=30&mn=sn-hp57kn6e&ms=nxu&mv=m&pl=20&sc=yes&ei=6ZzRWbCXFdaW-gWWoonwBg&driveid=0B6TJ3Ro7bSpAcml4MFY2bXJxalU&mime=video/mp4&lmt=1506644130304464&mt=1506909292&ip=67.235.169.18&ipbits=8&expire=1506916617&sparams=ip,ipbits,expire,id,itag,source,requiressl,mm,mn,ms,mv,pl,sc,ei,driveid,mime,lmt&signature=A672E0C0DB9C7325DC27ADB4722FE3DE12326121.6C537589E5F34A9743047BE807C0FF939294C2F3&key=ck2</link>
        <thumbnail>https://image.tmdb.org/t/p/w1280/6TRdUsrwddUyQ4o2hS4PuNXYMrQ.jpg</thumbnail>
        </item>

        <item>
        <title>[COLOR=orange]Casper(1995)[/COLOR]</title>
        <link>https://r5---sn-5uaezn6r.c.drive.google.com/videoplayback?id=2f5e2c4276cbe159&itag=22&source=webdrive&begin=0&requiressl=yes&mm=30&mn=sn-5uaezn6r&ms=nxu&mv=m&pl=20&sc=yes&ei=Mp3RWYzvHIrn-gXnhq_QCg&driveid=0B31fu0Dx7NhUbTk4aGVwVnhtQU0&mime=video/mp4&lmt=1506676252768242&mt=1506909416&ip=67.235.169.18&ipbits=8&expire=1506916690&sparams=ip,ipbits,expire,id,itag,source,requiressl,mm,mn,ms,mv,pl,sc,ei,driveid,mime,lmt&signature=1EF420EFFF9DDC66E987BAA9DEAD85D669E117FB.2C4DC1D0AEF0C3E3765E3A3E69FEF8C0704CB49D&key=ck2</link>
        <thumbnail>https://image.tmdb.org/t/p/w1280/cpMbvFDD2C21pqMNXVPhSWGQBR9.jpg</thumbnail>
        </item>

        <item>
        <title>[COLOR=orange]Casper: A Spirited Beginning(1997)[/COLOR]</title>
        <link>https://1fjiw6i.oloadcdn.net/dl/l/yqoLO_kKOHk66rG9/RV83R_c5FnU/Casper.A.Spirited.Beginning.CD1.1997.AEF.DVDrip.iNTERNAL.XviD-BPDcarrier.avi.mp4?mime=true</link>
        <thumbnail>https://image.tmdb.org/t/p/w1280/yQS4POeWQTU4RZGWh2XVgyiQyT9.jpg</thumbnail>
        </item>

        <item>
        <title>[COLOR=orange]Coraline(2009)[/COLOR]</title>
        <link>https://r1---sn-vgqsrnez.c.drive.google.com/videoplayback?id=3b88f804c62206ab&itag=18&source=webdrive&begin=0&requiressl=yes&mm=30&mn=sn-vgqsrnez&ms=nxu&mv=m&pl=20&sc=yes&ei=053RWfndIoTd-wWywrXoBw&driveid=0BzMuJuHM8FuoYmV1X1BNWVhzTHM&mime=video/mp4&lmt=1506650373267163&mt=1506909533&ip=67.235.169.18&ipbits=8&expire=1506916851&sparams=ip,ipbits,expire,id,itag,source,requiressl,mm,mn,ms,mv,pl,sc,ei,driveid,mime,lmt&signature=4278B5FA236D90FA53D7C4AF119B0648198C6BAE.45A281CD6509B6DF5AFE33C306E88F65B0AC5FF6&key=ck2</link>
        <thumbnail>https://image.tmdb.org/t/p/w1280/ybOmHUVVXcwBQErjw7tmeE97fpO.jpg</thumbnail>
        </item>

        <item>
        <title>[COLOR=orange]Corpse Bride(2005)[/COLOR]</title>
        <link>https://r6---sn-5uaeznks.c.drive.google.com/videoplayback?id=4e9c8079638cdd76&itag=22&source=webdrive&begin=0&requiressl=yes&mm=30&mn=sn-5uaeznks&ms=nxu&mv=m&pl=20&sc=yes&ei=-J3RWc-8PNDC-wX83YPwCw&driveid=0BzgOjg7As7kEcVlLNGQxeWcwMVU&mime=video/mp4&lmt=1506153959954486&mt=1506909590&ip=67.235.169.18&ipbits=8&expire=1506916888&sparams=ip,ipbits,expire,id,itag,source,requiressl,mm,mn,ms,mv,pl,sc,ei,driveid,mime,lmt&signature=576307AF5AD2BC18E907B294C9704D45A10591C5.6022C0A71907277357778FDF16BBA490A4814A9B&key=ck2</link>
        <thumbnail>https://image.tmdb.org/t/p/w1280/o9GbcdP7rOg2m1NyUnUR3ZwNcTE.jpg</thumbnail>
        </item>

        <item>
        <title>[COLOR=orange]Ghostbusters(1984)[/COLOR]</title>
        <link>https://r3---sn-5ualdnee.c.drive.google.com/videoplayback?id=492cfab5a7f6fabc&itag=22&source=webdrive&begin=0&requiressl=yes&mm=30&mn=sn-5ualdnee&ms=nxu&mv=m&pl=20&sc=yes&ei=NJ7RWZXCJYGx-AXay4-4Bg&driveid=0B-bf_z68-mKjcXRPc3VTZUdNUVk&mime=video/mp4&lmt=1506417264556924&mt=1506909650&ip=67.235.169.18&ipbits=8&expire=1506916948&sparams=ip,ipbits,expire,id,itag,source,requiressl,mm,mn,ms,mv,pl,sc,ei,driveid,mime,lmt&signature=203DD29BAD717FF23D9B8ECAC5EF30BB535BBCB3.26E867BFF47F45A814B9B723882CCD45502E3DE4&key=ck2</link>
        <thumbnail>https://image.tmdb.org/t/p/w1280/3FS3oBdorgczgfCkFi2u8ZTFfpS.jpg</thumbnail>
        </item>

        <item>
        <title>[COLOR=orange]Ghostbusters II(1989)[/COLOR]</title>
        <link>https://r4---sn-5ualdn76.c.drive.google.com/videoplayback?id=c2e9ac69cd59e496&itag=18&source=webdrive&begin=0&requiressl=yes&mm=30&mn=sn-5ualdn76&ms=nxu&mv=m&pl=20&sc=yes&ei=XZ7RWb7gJsjy-QXRwYP4CQ&driveid=0B852cu4tK60OWlVyZXFyTTBabHM&mime=video/mp4&lmt=1505575892876366&mt=1506909712&ip=67.235.169.18&ipbits=8&expire=1506916989&sparams=ip,ipbits,expire,id,itag,source,requiressl,mm,mn,ms,mv,pl,sc,ei,driveid,mime,lmt&signature=2D8CA99D21438A5A81F2F3CCD125F41B729D09DE.AC20F4082AEA77DFFA76DF96DC77B269F7A8B7DC&key=ck2</link>
        <thumbnail>https://image.tmdb.org/t/p/w1280/4nN0EYNbOWHJ9UO39maO5Kvcdfa.jpg</thumbnail>
        </item>

        <item>
        <title>[COLOR=orange]Ghostbusters(2016)[/COLOR]</title>
        <link>https://r4---sn-5uaeznde.c.drive.google.com/videoplayback?id=abfe14d81faec97e&itag=22&source=webdrive&begin=0&requiressl=yes&mm=30&mn=sn-5uaeznde&ms=nxu&mv=m&pl=20&sc=yes&ei=gJ7RWbqeI8PN-QXh676gBg&driveid=0B1md8FigII5NZ2FvdUhhbTA1SWs&mime=video/mp4&lmt=1506680871441730&mt=1506909712&ip=67.235.169.18&ipbits=8&expire=1506917024&sparams=ip,ipbits,expire,id,itag,source,requiressl,mm,mn,ms,mv,pl,sc,ei,driveid,mime,lmt&signature=B2EA96FB3459860BB33910F33BC82AC733821BE3.AE8CA7B69B84D88B50E6421C2ACAD08D85F83C73&key=ck2</link>
        <thumbnail>https://image.tmdb.org/t/p/w1280/6SkiCknOeWmBLhCerdrgG7elCK7.jpg</thumbnail>
        </item>

        <item>
        <title>[COLOR=orange]Grave Halloween(2013)[/COLOR]</title>
        <link>http://185.176.192.107/vids/grave.halloween.2013.dvdrip.x264-ghouls_vr56___570de06225e3e.mp4</link>
        <thumbnail>https://image.tmdb.org/t/p/w1280/SSr17CBHhh0gmno7rThPaDrcsN.jpg</thumbnail>
        </item>

        <item>
        <title>[COLOR=orange]Halloween(1978)[/COLOR]</title>
        <link>https://r6---sn-hp57knll.c.drive.google.com/videoplayback?id=4c1ad8311bfc6fae&itag=18&source=webdrive&begin=0&requiressl=yes&mm=30&mn=sn-hp57knll&ms=nxu&mv=m&pl=20&sc=yes&ei=hZ_RWbS7MNf0-gXTiJmQDQ&driveid=0BzAYfnsoJV0tTmxDTTBlVTlMVm8&mime=video/mp4&lmt=1506443563264176&mt=1506910011&ip=67.235.169.18&ipbits=8&expire=1506917285&sparams=ip,ipbits,expire,id,itag,source,requiressl,mm,mn,ms,mv,pl,sc,ei,driveid,mime,lmt&signature=413539674D264F808E2CB33FC37EA7C0F1BE1210.33B6F5EB11ECBD9889E4F7050195FE127B6CFE47&key=ck2</link>
        <thumbnail>https://image.tmdb.org/t/p/w1280/vjoOFOTBJcJvA1weJejlZ92LZD4.jpg</thumbnail>
        </item>

        <item>
        <title>[COLOR=orange]Halloween II(1981)[/COLOR]</title>
        <link>https://r2---sn-hp57kn7z.c.drive.google.com/videoplayback?id=719ed6ad2cf96e17&itag=22&source=webdrive&begin=0&requiressl=yes&mm=30&mn=sn-hp57kn7z&ms=nxu&mv=m&pl=20&sc=yes&ei=p5_RWaLRJIzh-gX7yryQDQ&driveid=0B_HgJh0ahc9SWVhZVkFZMHh5LW8&mime=video/mp4&lmt=1505683447166383&mt=1506910011&ip=67.235.169.18&ipbits=8&expire=1506917319&sparams=ip,ipbits,expire,id,itag,source,requiressl,mm,mn,ms,mv,pl,sc,ei,driveid,mime,lmt&signature=618E1E156DCDF098E17F5942A5D395D21FC42162.4D412C612ABCFDB4FC44F1D3759F7F9A2A33CBAD&key=ck2</link>
        <thumbnail>https://image.tmdb.org/t/p/w1280/9oXa66gARefZBuca4xpD8EFbcVg.jpg</thumbnail>
        </item>

        <item>
        <title>[COLOR=orange]Halloween III: Season of the Witch(1982)[/COLOR]</title>
        <link>https://r6---sn-5ualdn7l.c.drive.google.com/videoplayback?id=9871d507c520dd11&itag=22&source=webdrive&begin=0&requiressl=yes&mm=30&mn=sn-5ualdn7l&ms=nxu&mv=m&pl=20&sc=yes&ei=w5_RWdrBPMPs-gXu_qTwBg&driveid=0B0Hh8UxI7RfNOW5Xc2hPWlpRVkU&mime=video/mp4&lmt=1506640891562141&mt=1506910011&ip=67.235.169.18&ipbits=8&expire=1506917347&sparams=ip,ipbits,expire,id,itag,source,requiressl,mm,mn,ms,mv,pl,sc,ei,driveid,mime,lmt&signature=21D761FD4AE6CCCA376B6063F47E9F081694757E.B3DF12AB88DE4635011BC9AF9606FC00D78A2A4D&key=ck2</link>
        <thumbnail>https://image.tmdb.org/t/p/w1280/svPexK18MEl0lyAqb8fFUGGsEQ8.jpg</thumbnail>
        </item>

        <item>
        <title>[COLOR=orange]Halloween 4: The Return of Michael Myers(1988)[/COLOR]</title>
        <link>https://r2---sn-hp57kn6l.c.drive.google.com/videoplayback?id=3fa9363659f85349&itag=22&source=webdrive&begin=0&requiressl=yes&mm=30&mn=sn-hp57kn6l&ms=nxu&mv=m&pl=20&sc=yes&ei=4Z_RWfi0Fc-u-QWh17DQBw&driveid=0B7IyqvAHi7ogTFN1MDJMOGc2LVE&mime=video/mp4&lmt=1506682395728353&mt=1506910011&ip=67.235.169.18&ipbits=8&expire=1506917377&sparams=ip,ipbits,expire,id,itag,source,requiressl,mm,mn,ms,mv,pl,sc,ei,driveid,mime,lmt&signature=23D3F042497B8F70B4A1FF9B93A5B8A89A4AF765.37B7FC8F39C630E0DF821410FFB56877771CD76D&key=ck2</link>
        <thumbnail>https://image.tmdb.org/t/p/w1280/oudmrV1WljSJMpgwq6K4VzbIMMK.jpg</thumbnail>
        </item>

        <item>
        <title>[COLOR=orange]Halloween 5: The Revenge of Michael Myers(1989)[/COLOR]</title>
        <link>https://r1---sn-5uaeznkl.c.drive.google.com/videoplayback?id=86afa70c350edc38&itag=22&source=webdrive&begin=0&requiressl=yes&mm=30&mn=sn-5uaeznkl&ms=nxu&mv=m&pl=20&sc=yes&ei=B6DRWeveItf0-gXTiJmQDQ&driveid=0B0CK-8FlbgM5blZiRHNZQWtyWHM&mime=video/mp4&lmt=1506050637207878&mt=1506910011&ip=67.235.169.18&ipbits=8&expire=1506917415&sparams=ip,ipbits,expire,id,itag,source,requiressl,mm,mn,ms,mv,pl,sc,ei,driveid,mime,lmt&signature=A9F0BFBCD9CC33F148286A4A3B3568463B2E163E.5BF8CBDC558B38F359316121758922D30011165B&key=ck2</link>
        <thumbnail>https://image.tmdb.org/t/p/w1280/gQwN6KXBuO94kaYpeX3uaueszkd.jpg</thumbnail>
        </item>

        <item>
        <title>[COLOR=orange]Halloween: The Curse of Michael Myers (1995)[/COLOR]</title>
        <link>https://r3---sn-5ualdne7.c.drive.google.com/videoplayback?id=4514f1ff15aa3e62&itag=18&source=webdrive&begin=0&requiressl=yes&mm=30&mn=sn-5ualdne7&ms=nxu&mv=m&pl=20&sc=yes&ei=OaDRWZuLJ8Px-gXwuZG4BA&driveid=0B6HfsHRb7gOfNzMyTjRQRWN5RzQ&mime=video/mp4&lmt=1506280874417433&mt=1506910187&ip=67.235.169.18&ipbits=8&expire=1506917465&sparams=ip,ipbits,expire,id,itag,source,requiressl,mm,mn,ms,mv,pl,sc,ei,driveid,mime,lmt&signature=3D1866E90B882F3A019DCC8181ACAA396EC70712.2B8029755F469389699785D97989CC40388DA380&key=ck2</link>
        <thumbnail>https://image.tmdb.org/t/p/w1280/8Tw5IttoEATGD2FHhcG9bDzqwbi.jpg</thumbnail>
        </item>

        <item>
        <title>[COLOR=orange]Halloween H20: 20 Years Later(1998)[/COLOR]</title>
        <link>https://r2---sn-5ualdn7e.c.drive.google.com/videoplayback?id=42701c422f127edc&itag=18&source=webdrive&begin=0&requiressl=yes&mm=30&mn=sn-5ualdn7e&ms=nxu&mv=m&pl=20&sc=yes&ei=WKDRWY28OIKw-gXN94jwAw&driveid=0B6SV9gOSRbhWZzV2c2dMNW9pXzQ&mime=video/mp4&lmt=1506125452665137&mt=1506910187&ip=67.235.169.18&ipbits=8&expire=1506917496&sparams=ip,ipbits,expire,id,itag,source,requiressl,mm,mn,ms,mv,pl,sc,ei,driveid,mime,lmt&signature=5BA8763D368D671DA861F9A4522A7A1F74F015A4.73BFEB017CC532F6615163DFFB62E30358222531&key=ck2</link>
        <thumbnail>https://image.tmdb.org/t/p/w1280/crycJDHRvpQyZeQyRYtIZKIpNzK.jpg</thumbnail>
        </item>

        <item>
        <title>[COLOR=orange]Halloween: Resurrection(2002)[/COLOR]</title>
        <link>https://r5---sn-5ualdn7z.c.drive.google.com/videoplayback?id=2e6304da76f27c44&itag=18&source=webdrive&begin=0&requiressl=yes&mm=30&mn=sn-5ualdn7z&ms=nxu&mv=m&pl=20&sc=yes&ei=c6DRWfL2McOk-gWrp514&driveid=0ByEknIvDNPFhSDVqMWk0MXotUUU&mime=video/mp4&lmt=1506198480505535&mt=1506910251&ip=67.235.169.18&ipbits=8&expire=1506917523&sparams=ip,ipbits,expire,id,itag,source,requiressl,mm,mn,ms,mv,pl,sc,ei,driveid,mime,lmt&signature=563079DD5BC78AB5DC9A933DBA6FFCCEDA2A362B.B89E282B02FD41CBC6D0887CF221E272194D8529&key=ck2</link>
        <thumbnail>https://image.tmdb.org/t/p/w1280/9aKyqYdOGbZvUCRDxXAbRqCxM5e.jpg</thumbnail>
        </item>

        <item>
        <title>[COLOR=orange]Halloween(2007)[/COLOR]</title>
        <link>http://185.176.192.40/vids/halloween.unrated.2007.720p.brrip.x264.yify.mp4</link>
        <thumbnail>https://image.tmdb.org/t/p/w1280/9CPYBA1Fq5BdCmViSPyfPiBOcTH.jpg</thumbnail>
        </item>

        <item>
        <title>[COLOR=orange]Halloween II(2009)[/COLOR]</title>
        <link>https://r1---sn-5uaezner.c.drive.google.com/videoplayback?id=6405581ea518c8a6&itag=18&source=webdrive&begin=0&requiressl=yes&mm=30&mn=sn-5uaezner&ms=nxu&mv=m&pl=20&sc=yes&ei=8aHRWbCUJMyl-wWEqpYg&driveid=0B937YdJ1i5Y0ZHRzRGhuaF9ncGM&mime=video/mp4&lmt=1505765589449422&mt=1506910619&ip=67.235.169.18&ipbits=8&expire=1506917905&sparams=ip,ipbits,expire,id,itag,source,requiressl,mm,mn,ms,mv,pl,sc,ei,driveid,mime,lmt&signature=5B50F25C21962CE639BFEF812D4521B743AE7E19.21B78ABCDBBC22C08FDCBA8E6B342287B1166865&key=ck2</link>
        <thumbnail>https://image.tmdb.org/t/p/w1280/pXei2go7b2d5VyAvMKAVhyPqecW.jpg</thumbnail>
        </item>

        <item>
        <title>[COLOR=orange]Halloweentown(1998)[/COLOR]</title>
        <link>https://123df09.oloadcdn.net/dl/l/wEzgPkPWvKUKUo34/TTaZ3WNvaBU/Halloweentown__1998__480p_webrip_aac_x264.mp4?mime=true</link>
        <thumbnail>https://image.tmdb.org/t/p/w640/b2bUOe2qL86GUDoncknSqCXaQgK.jpg</thumbnail>
        </item>

        <item>
        <title>[COLOR=orange]Halloweentown II: Kalabar's Revenge(2001)[/COLOR]</title>
        <link>https://r6---sn-5ualdn76.c.drive.google.com/videoplayback?id=d183a624f7853ff3&itag=18&source=webdrive&begin=0&requiressl=yes&mm=30&mn=sn-5ualdn76&ms=nxu&mv=m&pl=20&sc=yes&ei=Z6LRWcawCMru-wW7ppu4Cw&driveid=0B-G2sXBc4_k4ZjBiM3BSMVVsWnM&mime=video/mp4&lmt=1505596871824943&mt=1506910729&ip=67.235.169.18&ipbits=8&expire=1506918023&sparams=ip,ipbits,expire,id,itag,source,requiressl,mm,mn,ms,mv,pl,sc,ei,driveid,mime,lmt&signature=927264CEA7C33DE922F01ECA235959C65C198508.1C7FB1C1522ED6F9D4CE589AA450F6DA388496C6&key=ck2</link>
        <thumbnail>https://image.tmdb.org/t/p/original/rJHMSAx8pQH9sXwuD8g1ElDXbtz.jpg</thumbnail>
        </item>

        <item>
        <title>[COLOR=orange]Halloweentown High(2004)[/COLOR]</title>
        <link>https://r6---sn-5ualdn7z.c.drive.google.com/videoplayback?id=9c7514f992bda5a9&itag=18&source=webdrive&begin=0&requiressl=yes&mm=30&mn=sn-5ualdn7z&ms=nxu&mv=m&pl=20&sc=yes&ei=gqLRWc7WEYGx-AXay4-4Bg&driveid=0B7rkC96zVG4-NGx3OEgzaGJqOFk&mime=video/mp4&lmt=1506634199442351&mt=1506910729&ip=67.235.169.18&ipbits=8&expire=1506918050&sparams=ip,ipbits,expire,id,itag,source,requiressl,mm,mn,ms,mv,pl,sc,ei,driveid,mime,lmt&signature=945D0A7F848379D34FC2A038B5638D14E9BA72B7.25C9180F380384BBA8993E8347310D823B6D94A6&key=ck2</link>
        <thumbnail>https://image.tmdb.org/t/p/w1280/unR7yBuFLvz0QkJ7BVh4TmMT3Uc.jpg</thumbnail>
        </item>

        <item>
        <title>[COLOR=orange]Return to Halloweentown(2006)[/COLOR]</title>
        <link>https://r4---sn-5uaeznrz.c.drive.google.com/videoplayback?id=5290a28f64ec5802&itag=18&source=webdrive&begin=0&requiressl=yes&mm=30&mn=sn-5uaeznrz&ms=nxu&mv=m&pl=20&sc=yes&ei=pKLRWbVxw_H6BfC5kbgE&driveid=0By7pnfvmCeg2ZDR3NndrOVNtQlk&mime=video/mp4&lmt=1506251375411295&mt=1506910789&ip=67.235.169.18&ipbits=8&expire=1506918084&sparams=ip,ipbits,expire,id,itag,source,requiressl,mm,mn,ms,mv,pl,sc,ei,driveid,mime,lmt&signature=A19CEA3B52296F381F52513F37A1EE6C5B4A0A49.1C7FF0214443F504AC8FF1C534192981DA4B1DDB&key=ck2</link>
        <thumbnail>https://image.tmdb.org/t/p/w1280/m5kzcMqC6ZBbw1wEbrzpp2vMCSs.jpg</thumbnail>
        </item>

        <item>
        <title>[COLOR=orange]Hocus Pocus(1993)[/COLOR]</title>
        <link>https://r6---sn-5ualdn7r.c.drive.google.com/videoplayback?id=b14650799a7880f2&itag=22&source=webdrive&begin=0&requiressl=yes&mm=30&mn=sn-5ualdn7r&ms=nxu&mv=m&pl=20&sc=yes&ei=-6PRWY3UKIaD-QW-k6HwAw&driveid=0B5FmPl0M8FWRak1KUjF3OGNTbDg&mime=video/mp4&lmt=1506629168830999&mt=1506911149&ip=67.235.169.18&ipbits=8&expire=1506918427&sparams=ip,ipbits,expire,id,itag,source,requiressl,mm,mn,ms,mv,pl,sc,ei,driveid,mime,lmt&signature=4039CF4A5A3E77EB61CD74A376013E10081E4659.777D6565A228B4AB84420C25CBC859B243A3DCA9&key=ck2</link>
        <thumbnail>https://image.tmdb.org/t/p/w1280/okCXNIX9QXNXbWM9NBnKlMpYVBd.jpg</thumbnail>
        </item>

        <item>
        <title>[COLOR=orange]Hotel Transylvania(2012)[/COLOR]</title>
        <link>https://r3---sn-5ualdn7r.c.drive.google.com/videoplayback?id=4c4b98f33fa229db&itag=22&source=webdrive&begin=0&requiressl=yes&mm=30&mn=sn-5ualdn7r&ms=nxu&mv=m&pl=20&sc=yes&ei=JKTRWazgJ8jy-QXRwYP4CQ&driveid=0BwG4oikZUVtzU255RTdOXzl2MWs&mime=video/mp4&lmt=1506643258359321&mt=1506911149&ip=67.235.169.18&ipbits=8&expire=1506918468&sparams=ip,ipbits,expire,id,itag,source,requiressl,mm,mn,ms,mv,pl,sc,ei,driveid,mime,lmt&signature=9B7B4822F54EB93B80FFAE066DD209ACE6726D96.1CB009D8BB5CDA1FDB363807CD839B9AACD3938E&key=ck2</link>
        <thumbnail>https://image.tmdb.org/t/p/w1280/fHntg68hzEtpDuvx8PWTHoPsED2.jpg</thumbnail>
        </item>

        <item>
        <title>[COLOR=orange]Hotel Transylvania 2(2015)[/COLOR]</title>
        <link>http://185.176.192.21/vids/hotel.transylvania.2.2015.hdrip.xvid.ac3-evo.mp4</link>
        <thumbnail>https://image.tmdb.org/t/p/w1280/cFQHMUmxaO3PEDo5lxuQC8MCRIH.jpg</thumbnail>
        </item>

        <item>
        <title>[COLOR=orange]Its the Great Pumpkin Charlie Brown(1966)[/COLOR]</title>
        <link>https://r4---sn-5uaeznrz.c.drive.google.com/videoplayback?id=9daf7c2e09a02adf&itag=22&source=webdrive&begin=0&requiressl=yes&mm=30&mn=sn-5uaeznrz&ms=nxu&mv=m&pl=20&sc=yes&ei=YaXRWb_xLNWJ-AXC86SICw&driveid=0B3t6aGV_JEYpTWV6djVFUmw4dVU&mime=video/mp4&lmt=1506292661751331&mt=1506911446&ip=67.235.169.18&ipbits=8&expire=1506918785&sparams=ip,ipbits,expire,id,itag,source,requiressl,mm,mn,ms,mv,pl,sc,ei,driveid,mime,lmt&signature=4D0AADDA90D381BD6B82EE39BBB3DFA2A0E45784.A2721E4ABE5660D04D98BB81317835CF3FD1A7DD&key=ck2</link>
        <thumbnail>https://image.tmdb.org/t/p/w1280/9QdnfxTDKUSW1t23sKSQjPNs0iD.jpg</thumbnail>
        </item>

        <item>
        <title>[COLOR=orange]Monster High: Ghouls Rule(2012)[/COLOR]</title>
        <link>https://1fjiw5e.oloadcdn.net/dl/l/ngi1EdXy80Ka9A9Y/i9B77hW9KjU/Monster+High+Ghouls+Rule+2012+720p+BRrip+x264+YIFY+mp4?mime=true</link>
        <thumbnail>https://image.tmdb.org/t/p/w640/lKRVm9ErFmE9zktwskXO3W8sGd3.jpg</thumbnail>
        </item>

        <item>
        <title>[COLOR=orange]Monster House(2006)[/COLOR]</title>
        <link>https://1fhjm3i.oloadcdn.net/dl/l/9LHWAldflhNv7ru6/vbSh95mF2bM/Monster.House.2006.720p.BluRay.x264.YIFY.mp4?mime=true</link>
        <thumbnail>https://image.tmdb.org/t/p/w1280/vOhKyKxlmtRwRHqKGV2VrFhJjCG.jpg</thumbnail>
        </item>

        <item>
        <title>[COLOR=orange]ParaNorman(2012)[/COLOR]</title>
        <link>https://1fjiw6f.oloadcdn.net/dl/l/fhWaYQhBiSlM6TVk/C2eQC47NJFw/Paranorman.2012.BrRip.mp4?mime=true</link>
        <thumbnail>https://image.tmdb.org/t/p/w1280/pfGmWVyGHgdJrdKrZ5RWZpbAhkn.jpg</thumbnail>
        </item>

        <item>
        <title>[COLOR=orange]Sleepy Hollow(1999)[/COLOR]</title>
        <link>https://1fhjlpj.oloadcdn.net/dl/l/dFXh41QwgaazxJ6V/QGDH0hexKIc/Sleepy.Hollow.1999.720p.BrRip.x264.YIFY.mp4?mime=true</link>
        <thumbnail>https://image.tmdb.org/t/p/w1280/mTN4m41lHKaIf0dVcWzVdCJOYik.jpg</thumbnail>
        </item>

        <item>
        <title>[COLOR=orange]Tales of Halloween(2015)[/COLOR]</title>
        <link>https://1fgm8gz.oloadcdn.net/dl/l/cJVUYw4FzXsYvvLv/qq-Pucq7nZc/Tales.of.Halloween.2015.720p.WEB-DL.mp4?mime=true</link>
        <thumbnail>https://image.tmdb.org/t/p/w1280/dEzpLp938XTZhCSChtippn7eh52.jpg</thumbnail>
        </item>

        <item>
        <title>[COLOR=orange]The Addams Family(1991))[/COLOR]</title>
        <link>https://r2---sn-5uaeznz7.c.drive.google.com/videoplayback?id=8a9ba96765dfc04b&itag=18&source=webdrive&begin=0&requiressl=yes&mm=30&mn=sn-5uaeznz7&ms=nxu&mv=m&pl=20&sc=yes&ei=2qfRWZ6LJceCuwKngI-wBA&driveid=0B2IziD8Za5-VNWswa2g0bWN5YWs&mime=video/mp4&lmt=1506131860129961&mt=1506911446&ip=67.235.169.18&ipbits=8&expire=1506919418&sparams=ip,ipbits,expire,id,itag,source,requiressl,mm,mn,ms,mv,pl,sc,ei,driveid,mime,lmt&signature=47F567CB21D746B90B535433F7D4D257DE873B51.2170C3AA4E8A0B244007B8312AB49D3C0EC9A0EC&key=ck2</link>
        <thumbnail>https://image.tmdb.org/t/p/w1280/ajiQj0jbacMAmPxDU3fP9TeIfTi.jpg</thumbnail>
        </item>

        <item>
        <title>[COLOR=orange]Addams Family Values(1993)[/COLOR]</title>
        <link>https://r5---sn-5uaeznr6.c.drive.google.com/videoplayback?id=db79007546659b4e&itag=22&source=webdrive&begin=0&requiressl=yes&mm=30&mn=sn-5uaeznr6&ms=nxu&mv=m&pl=20&sc=yes&ei=_qfRWYLGO4e0uQLT6IDgAw&driveid=0BwGtax1_AHPAU2RIQy1lM21VUk0&mime=video/mp4&lmt=1506634502915537&mt=1506911446&ip=67.235.169.18&ipbits=8&expire=1506919454&sparams=ip,ipbits,expire,id,itag,source,requiressl,mm,mn,ms,mv,pl,sc,ei,driveid,mime,lmt&signature=0CE7A352BC3AA960CCFC7F6752A920BF0B6599EF.03BFCEBA689AAFE1CAFAAFFB8BDE449D5F8CBCED&key=ck2</link>
        <thumbnail>https://image.tmdb.org/t/p/w1280/zEwEXGDvJ8Ou2s6XbLMPvMTX53S.jpg</thumbnail>
        </item>

        <item>
        <title>[COLOR=orange]Addams Family Reunion(1998)[/COLOR]</title>
        <link>http://185.176.192.21/vids/addams_family_reunion_1998___57e26ce11c658.mp4</link>
        <thumbnail>https://image.tmdb.org/t/p/w1280/1Sk9sU4VkWjRlkTIDeDTSMRjtEz.jpg</thumbnail>
        </item>

        <item>
        <title>[COLOR=orange]The Cat in the Hat Knows a lot about Halloween(2016)[/COLOR]</title>
        <link>https://r1---sn-5ualdn7k.c.drive.google.com/videoplayback?id=fd7e983065e08841&itag=18&source=webdrive&begin=0&requiressl=yes&mm=30&mn=sn-5ualdn7k&ms=nxu&mv=m&pl=20&sc=yes&ei=Z6jRWbDABofZuALY24D4DQ&driveid=0B1-IHWmoQwOyejFwZXpnR2hWZW8&mime=video/mp4&lmt=1506276911750351&mt=1506911446&ip=67.235.169.18&ipbits=8&expire=1506919559&sparams=ip,ipbits,expire,id,itag,source,requiressl,mm,mn,ms,mv,pl,sc,ei,driveid,mime,lmt&signature=9E934F07775D4C00733E6043080499E97A0C374C.339871ABCCC776A06BDA59D4F56C1FC4B5335F86&key=ck2</link>
        <thumbnail>https://image.tmdb.org/t/p/w1280/2cijP3zXHTXFjx125quPgNnCZnt.jpg</thumbnail>
        </item>

        <item>
        <title>[COLOR=orange]The Legend of Sleepy Hollow(1949)[/COLOR]</title>
        <link>https://archive.org/download/TheLegendOfSleepyHollow_201602/The%20Legend%20Of%20Sleepy%20Hollow.mp4</link>
        <thumbnail>https://image.tmdb.org/t/p/w1280/5N7Ckn02MH5onXOcINGC0Caftw0.jpg</thumbnail>
        </item>

        <item>
        <title>[COLOR=orange]The Night Before Halloween(2016)[/COLOR]</title>
        <link>https://r3---sn-5ualdn7l.c.drive.google.com/videoplayback?id=0b2248f08f117def&itag=22&source=webdrive&begin=0&requiressl=yes&mm=30&mn=sn-5ualdn7l&ms=nxu&mv=m&pl=20&sc=yes&ei=i6jRWe7JIMKqugKZhbnICw&driveid=0B0dQeggmWWiZeC1zaFFTX3IyUkU&mime=video/mp4&lmt=1506791257931909&mt=1506911446&ip=67.235.169.18&ipbits=8&expire=1506919595&sparams=ip,ipbits,expire,id,itag,source,requiressl,mm,mn,ms,mv,pl,sc,ei,driveid,mime,lmt&signature=6B55D640C8C9EDDE492B09AE2B3BDBDDB8AAD558.7E98C3EB5447CC123CC92305083A8294F67B7691&key=ck2</link>
        <thumbnail>https://image.tmdb.org/t/p/w1280/2klAo7ZDewLt4v7LtZ3FO84DsHk.jpg</thumbnail>
        </item>

        <item>
        <title>[COLOR=orange]The Nightmare Before Christmas(1993)[/COLOR]</title>
        <link>https://r4---sn-5ualdn7d.c.drive.google.com/videoplayback?id=4a8f78b5526dff7a&itag=18&source=webdrive&begin=0&requiressl=yes&mm=30&mn=sn-5ualdn7d&ms=nxu&mv=m&pl=20&sc=yes&ei=qqjRWfS8LZeLugKCx6qwDQ&driveid=0B1y6LekIhIwCb0YxejJPUFVKak0&mime=video/mp4&lmt=1506628254953246&mt=1506911446&ip=67.235.169.18&ipbits=8&expire=1506919626&sparams=ip,ipbits,expire,id,itag,source,requiressl,mm,mn,ms,mv,pl,sc,ei,driveid,mime,lmt&signature=705FED99E254DFEC19A50E3C98C7A00DA3736BD0.08DD2A4567E618381A0E8C99D73DD3800A8E9FC2&key=ck2&ir=1&rr=12&fexp=23702512</link>
        <thumbnail>https://image.tmdb.org/t/p/w1280/6oxkO1VgKCq74fNILKAg6t2dVEt.jpg</thumbnail>
        </item>
        
</items>