<items>
        <item>
        <title>[COLOR=orange]A Nightmare on Elm Street(1984)[/COLOR]</title>
        <link>http://srv12.vidzi.tv/hls2/hzuqitbg6y2qedz7nk4r5gb5bvxhbeq2zigjvcqdtppudunxucgqsf6np2aq/index-v1-a1.m3u8</link>
        <thumbnail>https://image.tmdb.org/t/p/w640/sXFlyjfWv544uKOJmPd2vVsaFm9.jpg</thumbnail>
        </item>

        <item>
        <title>[COLOR=orange]A Nightmare on Elm Street Part 2: Freddys Revenge(1985)[/COLOR]</title>
        <link>http://srv38.vidzi.tv/hls2/nzuqicjn2a2qedz7nisr5fzfl2o2qvudl2ihz2tympdw7ir7u65xiyfgek5q/index-v1-a1.m3u8</link>
        <thumbnail>https://image.tmdb.org/t/p/w640/seEMZxo6bhHWbWPNcBQfsMAk39F.jpg</thumbnail>
        </item>

        <item>
        <title>[COLOR=orange]A Nightmare on Elm Street 3: Dream Warriors(1987)[/COLOR]</title>
        <link>http://enet24-009.enet24.net/Horror/Halloween%20Horror/A.Nightmare.on.Elm.Street.3.Dream.Warriors%20(1987)%20%5bHorror,%20Thriller%5d.mp4</link>
        <thumbnail>https://image.tmdb.org/t/p/w640/4aMSIhvShIkDrhOsa0WL6KFwnpD.jpg</thumbnail>
        </item>

        <item>
        <title>[COLOR=orange]A Nightmare on Elm Street 4: The Dream Master(1988)[/COLOR]</title>
        <link>http://srv32.vidzi.tv/hls2/mbuqjfbk242qedz7niob5gjkam2wqcq4yf5a6xbskmubgeuyekihhheaxraa/index-v1-a1.m3u8</link>
        <thumbnail>https://image.tmdb.org/t/p/w640/oPvDjpZ5xIINxggRJpXwJtf40SW.jpg</thumbnail>
        </item>

        <item>
        <title>[COLOR=orange]A Nightmare on Elm Street 5: The Dream Child(1989)[/COLOR]</title>
        <link>http://srv47.vidzi.tv/hls2/o5uqjdoiz42qedz7nj4b5gdukphjp3b5jm3nptwotjfhqyvx22erx7ilvidq/index-v1-a1.m3u8</link>
        <thumbnail>https://image.tmdb.org/t/p/w640/vnorsG2pKAVqIMYsDJbKoOr4CsX.jpg</thumbnail>
        </item>

        <item>
        <title>[COLOR=orange]A Nightmare on Elm Street(2010)[/COLOR]</title>
        <link>http://dl2.mihanpix.com/Film/1900-2016/A.Nightmare.on.Elm.Street.2010.720p.YIFY.mp4</link>
        <thumbnail>https://image.tmdb.org/t/p/w640/zPdMcikD993AQRd92iNv0Dxb67T.jpg</thumbnail>
        </item>

        <item>
        <title>[COLOR=orange]All Hallows Eve(2013)[/COLOR]</title>
        <link>http://dlirhd.video/Film2/2013/All%20Hallows%20Eve/All.Hallows.Eve.2013.720p.WEB-DL.-IRHD-.mkv</link>
        <thumbnail>https://image.tmdb.org/t/p/w640/2bTMXPO7vjEmZ04g9xAweoPitm9.jpg</thumbnail>
        </item>

        <item>
        <title>[COLOR=orange]Beetlejuice(1988)[/COLOR]</title>
        <link>http://enet24-009.enet24.net/Horror/Halloween%20Horror/Beetlejuice%20(1988)%20%5bComedy,%20Fantasy%5d.mp4</link>
        <thumbnail>https://image.tmdb.org/t/p/w1280/gWnW7vxm8yr01TVLQhL4aI02orp.jpg</thumbnail>
        </item>

        <item>
        <title>[COLOR=orange]Boo! A Madea Halloween(2016)[/COLOR]</title>
        <link>http://dsignhouse.net/Consideration_2016/Boo%20-%20A%20Madea%20Halloween%20(2016).mp4</link>
        <thumbnail>https://image.tmdb.org/t/p/w1280/6TRdUsrwddUyQ4o2hS4PuNXYMrQ.jpg</thumbnail>
        </item>

        <item>
        <title>[COLOR=orange]Casper(1995)[/COLOR]</title>
        <link>http://www.opticalmediazone.com/ftpdata/Movies/Animated%20Movies/Casper%20(1995)%20%5b1080p%5d%20BluRay.mp4</link>
        <thumbnail>https://image.tmdb.org/t/p/w1280/cpMbvFDD2C21pqMNXVPhSWGQBR9.jpg</thumbnail>
        </item>

        <item>
        <title>[COLOR=orange]Casper: A Spirited Beginning(1997)[/COLOR]</title>
        <link>https://1fjiw6i.oloadcdn.net/dl/l/yqoLO_kKOHk66rG9/RV83R_c5FnU/Casper.A.Spirited.Beginning.CD1.1997.AEF.DVDrip.iNTERNAL.XviD-BPDcarrier.avi.mp4?mime=true</link>
        <thumbnail>https://image.tmdb.org/t/p/w1280/yQS4POeWQTU4RZGWh2XVgyiQyT9.jpg</thumbnail>
        </item>

        <item>
        <title>[COLOR=orange]Coraline(2009)[/COLOR]</title>
        <link>http://www.opticalmediazone.com/ftpdata/Movies/Animated%20Movies/Coraline%202009%20BrRip.mp4</link>
        <thumbnail>https://image.tmdb.org/t/p/w1280/ybOmHUVVXcwBQErjw7tmeE97fpO.jpg</thumbnail>
        </item>

        <item>
        <title>[COLOR=orange]Corpse Bride(2005)[/COLOR]</title>
        <link>http://dl.funsaber.net/animation/95/11/Corpse.Bride.2005.720p.Funsaber.mkv</link>
        <thumbnail>https://image.tmdb.org/t/p/w1280/o9GbcdP7rOg2m1NyUnUR3ZwNcTE.jpg</thumbnail>
        </item>

        <item>
        <title>[COLOR=orange]Ghostbusters(1984)[/COLOR]</title>
        <link>http://nagios.mattjamesconsulting.com/movies/Ghostbusters.1984.mkv</link>
        <thumbnail>https://image.tmdb.org/t/p/w1280/3FS3oBdorgczgfCkFi2u8ZTFfpS.jpg</thumbnail>
        </item>

        <item>
        <title>[COLOR=orange]Ghostbusters(2016)[/COLOR]</title>
        <link>http://dl.dlfile.pro/2/Ghostbusters.2016.EXTENDED.1080p.6CH.ShAaNiG.mkv</link>
        <thumbnail>https://image.tmdb.org/t/p/w1280/6SkiCknOeWmBLhCerdrgG7elCK7.jpg</thumbnail>
        </item>

        <item>
        <title>[COLOR=orange]Halloween(1978)[/COLOR]</title>
        <link>http://srv21.vidzi.tv:8777/hls2/dvuqi3oqx42qedz7nkub5qzqar34iqfh6r43qsao3huiqm3j4dwwc54gva7q/index-v1-a1.m3u8</link>
        <thumbnail>https://image.tmdb.org/t/p/w1280/vjoOFOTBJcJvA1weJejlZ92LZD4.jpg</thumbnail>
        </item>

        <item>
        <title>[COLOR=orange]Halloween II(1981)[/COLOR]</title>
        <link>http://enet24-009.enet24.net/Horror/Halloween%20Horror/Halloween.II%20(1981)%20%5bHorror,%20Thriller%5d.mp4</link>
        <thumbnail>https://image.tmdb.org/t/p/w1280/9oXa66gARefZBuca4xpD8EFbcVg.jpg</thumbnail>
        </item>

        <item>
        <title>[COLOR=orange]Halloween III: Season of the Witch(1982)[/COLOR]</title>
        <link>http://srv21.vidzi.tv:8777/hls2/dvuqjftfxu2qedz7nkub5clrliz2s3ol2edqw2zf2mtrpmv7pp45s4cv3jcq/index-v1-a1.m3u8</link>
        <thumbnail>https://image.tmdb.org/t/p/w1280/svPexK18MEl0lyAqb8fFUGGsEQ8.jpg</thumbnail>
        </item>

        <item>
        <title>[COLOR=orange]Halloween 4: The Return of Michael Myers(1988)[/COLOR]</title>
        <link>http://srv20.vidzi.tv:8777/hls2/druqi6sw3e2qedz7nkub5tzaijtqvdpby33clqxej5gybsmtlg2ayglmeisq/index-v1-a1.m3u8</link>
        <thumbnail>https://image.tmdb.org/t/p/w1280/oudmrV1WljSJMpgwq6K4VzbIMMK.jpg</thumbnail>
        </item>

        <item>
        <title>[COLOR=orange]Halloween 5: The Revenge of Michael Myers(1989)[/COLOR]</title>
        <link>http://srv20.vidzi.tv:8777/hls2/druqiz2w3e2qedz7nkub5edvjtnwa7h7ec25yenid4zzpznrhei2zsslbdva/index-v1-a1.m3u8</link>
        <thumbnail>https://image.tmdb.org/t/p/w1280/gQwN6KXBuO94kaYpeX3uaueszkd.jpg</thumbnail>
        </item>

        <item>
        <title>[COLOR=orange]Halloween: The Curse of Michael Myers (1995)[/COLOR]</title>
        <link>http://srv21.vidzi.tv:8777/hls2/dvuqi4kw3e2qedz7nkub5czskukgxur2k6qrhua4tchpmpw4vpvqyjz4p3cq/index-v1-a1.m3u8</link>
        <thumbnail>https://image.tmdb.org/t/p/w1280/8Tw5IttoEATGD2FHhcG9bDzqwbi.jpg</thumbnail>
        </item>

        <item>
        <title>[COLOR=orange]Halloween H20: 20 Years Later(1998)[/COLOR]</title>
        <link>http://srv18.vidzi.tv:8777/hls2/cjuqi7sw3e2qedz7nkub5strizfeypkt6bmjtievnwe33egxdc7g7citbk3q/index-v1-a1.m3u8</link>
        <thumbnail>https://image.tmdb.org/t/p/w1280/crycJDHRvpQyZeQyRYtIZKIpNzK.jpg</thumbnail>
        </item>

        <item>
        <title>[COLOR=orange]Halloween: Resurrection(2002)[/COLOR]</title>
        <link>http://srv39.vidzi.tv/hls2/n5uqid2f2a2qedz7nirr5dlxifaznmezo3utnrwl5grbu2k2z4pqo72wc5yq/index-v1-a1.m3u8</link>
        <thumbnail>https://image.tmdb.org/t/p/w1280/9aKyqYdOGbZvUCRDxXAbRqCxM5e.jpg</thumbnail>
        </item>

        <item>
        <title>[COLOR=orange]Halloween(2007)[/COLOR]</title>
        <link>http://srv17.vidzi.tv:8777/hls2/cfuqj6av3e2qedz7nkvr5azkkesulu6ndwpdxn2jovzbvcmkep7z3uwoviba/index-v1-a1.m3u8</link>
        <thumbnail>https://image.tmdb.org/t/p/w1280/9CPYBA1Fq5BdCmViSPyfPiBOcTH.jpg</thumbnail>
        </item>

        <item>
        <title>[COLOR=orange]Halloween II(2009)[/COLOR]</title>
        <link>http://srv25.vidzi.tv:8777/hls2/dfuqijqj3i2qedz7nl2r5drfirsfp272rhrndcxekvaz5ta54ibhlrbk2tcq/index-v1-a1.m3u8
</link>
        <thumbnail>https://image.tmdb.org/t/p/w1280/pXei2go7b2d5VyAvMKAVhyPqecW.jpg</thumbnail>
        </item>

        <item>
        <title>[COLOR=orange]Halloween: Resurgence(2012)[/COLOR]</title>
        <link>http://srv54.vidzi.tv/hls2/pzuqioltzy2qedz7nkir7dttlhh3bxcvgwekecuu4omfghjwjpqljkk6fc3q/index-v1-a1.m3u8</link>
        <thumbnail>https://image.tmdb.org/t/p/w640/n63HVHejRuTB5hq4Gqn4YYNfgg0.jpg</thumbnail>
        </item>

        <item>
        <title>[COLOR=orange]Halloweentown(1998)[/COLOR]</title>
        <link>http://test.imap.red/media/Kids%20Movies/Halloweentown%20(1998).mp4</link>
        <thumbnail>https://image.tmdb.org/t/p/w640/b2bUOe2qL86GUDoncknSqCXaQgK.jpg</thumbnail>
        </item>

        <item>
        <title>[COLOR=orange]Halloweentown II: Kalabar's Revenge(2001)[/COLOR]</title>
        <link>http://test.imap.red/media/Kids%20Movies/Halloweentown%20II%20Kalabar's%20Revenge%20(2001).mp4</link>
        <thumbnail>https://image.tmdb.org/t/p/original/rJHMSAx8pQH9sXwuD8g1ElDXbtz.jpg</thumbnail>
        </item>

        <item>
        <title>[COLOR=orange]Halloweentown High(2004)[/COLOR]</title>
        <link>http://test.imap.red/media/Kids%20Movies/Halloweentown%20High%20(2004).mp4</link>
        <thumbnail>https://image.tmdb.org/t/p/w1280/unR7yBuFLvz0QkJ7BVh4TmMT3Uc.jpg</thumbnail>
        </item>

        <item>
        <title>[COLOR=orange]Return to Halloweentown(2006)[/COLOR]</title>
        <link>http://test.imap.red/media/Kids%20Movies/Return%20to%20Halloweentown%20(2006).mp4</link>
        <thumbnail>https://image.tmdb.org/t/p/w1280/m5kzcMqC6ZBbw1wEbrzpp2vMCSs.jpg</thumbnail>
        </item>

        <item>
        <title>[COLOR=orange]Hocus Pocus(1993)[/COLOR]</title>
        <link>http://cloud.jaymoon.net/movie/Hocus.Pocus.1993.720p.BRRip.x264-x0r.mp4</link>
        <thumbnail>https://image.tmdb.org/t/p/w1280/okCXNIX9QXNXbWM9NBnKlMpYVBd.jpg</thumbnail>
        </item>

        <item>
        <title>[COLOR=orange]Hotel Transylvania(2012)[/COLOR]</title>
        <link>http://www.opticalmediazone.com/ftpdata/Movies/Animated%20Movies/Hotel%20Transylvania%20(2012)%20BluRay%201080p%205.1CH%20x264%20Ganool%20%5bF1world%5d.mkv</link>
        <thumbnail>https://image.tmdb.org/t/p/w1280/fHntg68hzEtpDuvx8PWTHoPsED2.jpg</thumbnail>
        </item>

        <item>
        <title>[COLOR=orange]Hotel Transylvania 2(2015)[/COLOR]</title>
        <link>http://test.imap.red/media/Kids%20Movies/Hotel.Transylvania.2%20(2015)%20%5bComedy,%20Animation%5d.mp4</link>
        <thumbnail>https://image.tmdb.org/t/p/w1280/cFQHMUmxaO3PEDo5lxuQC8MCRIH.jpg</thumbnail>
        </item>

        <item>
        <title>[COLOR=orange]Monster House(2006)[/COLOR]</title>
        <link>http://www.opticalmediazone.com/ftpdata/Movies/Animated%20Movies/Monster.House.2006.1080p.BluRay.x264.YIFY.mp4</link>
        <thumbnail>https://image.tmdb.org/t/p/w1280/vOhKyKxlmtRwRHqKGV2VrFhJjCG.jpg</thumbnail>
        </item>

        <item>
        <title>[COLOR=orange]ParaNorman(2012)[/COLOR]</title>
        <link>http://www.opticalmediazone.com/ftpdata/Movies/Animated%20Movies/ParaNorman%20(2012)%20BluRay%20720p%20650MB%20Ganool%20%5bF1world%5d.mkv</link>
        <thumbnail>https://image.tmdb.org/t/p/w1280/pfGmWVyGHgdJrdKrZ5RWZpbAhkn.jpg</thumbnail>
        </item>

        <item>
        <title>[COLOR=orange]Sleepy Hollow(1999)[/COLOR]</title>
        <link>http://enet24-009.enet24.net/Horror/Halloween%20Horror/Sleepy.Hollow%20(1999)%20%5bDrama,%20Fantasy,%20Thriller,%20Mystery%5d.mp4</link>
        <thumbnail>https://image.tmdb.org/t/p/w1280/mTN4m41lHKaIf0dVcWzVdCJOYik.jpg</thumbnail>
        </item>

        <item>
        <title>[COLOR=orange]Tales of Halloween(2015)[/COLOR]</title>
        <link>http://103.66.178.220/ftp/HDD1/Movie/English/T/Tales%20of%20Halloween%202015%20720p.mkv</link>
        <thumbnail>https://image.tmdb.org/t/p/w1280/dEzpLp938XTZhCSChtippn7eh52.jpg</thumbnail>
        </item>

        <item>
        <title>[COLOR=orange]The Addams Family(1991))[/COLOR]</title>
        <link>http://www.jeffhome.org/files/movies/Addams.Family/The.Addams.Family.1991.1080p.BluRay.x264.YIFY.mp4</link>
        <thumbnail>https://image.tmdb.org/t/p/w1280/ajiQj0jbacMAmPxDU3fP9TeIfTi.jpg</thumbnail>
        </item>

        <item>
        <title>[COLOR=orange]Addams Family Values(1993)[/COLOR]</title>
        <link>http://www.jeffhome.org/files/movies/Addams.Family/Addams.Family.Values.1993.720p.WEB-DL.H264-HDCLUB.mkv</link>
        <thumbnail>https://image.tmdb.org/t/p/w1280/zEwEXGDvJ8Ou2s6XbLMPvMTX53S.jpg</thumbnail>
        </item>

        <item>
        <title>[COLOR=orange]The Legend of Sleepy Hollow(1949)[/COLOR]</title>
        <link>https://archive.org/download/TheLegendOfSleepyHollow_201602/The%20Legend%20Of%20Sleepy%20Hollow.mp4</link>
        <thumbnail>https://image.tmdb.org/t/p/w1280/5N7Ckn02MH5onXOcINGC0Caftw0.jpg</thumbnail>
        </item>

        <item>
        <title>[COLOR=orange]The Nightmare Before Christmas(1993)[/COLOR]</title>
        <link>http://dlirhd.video/Film2/1993/The%20Nightmare%20Before%20Christmas/The%20Nightmare%20Before%20Christmas.1993.720p%20BluRay.-IRHD-.mkv</link>
        <thumbnail>https://image.tmdb.org/t/p/w1280/6oxkO1VgKCq74fNILKAg6t2dVEt.jpg</thumbnail>
        </item>
        
</items>