<items>
        <item>
        <title>[COLOR=orange]A Nightmare on Elm Street(1984)[/COLOR]</title>
        <link>http://srv12.vidzi.tv/hls2/hzuqitbg6y2qedz7nk4r5gb5bvxhbeq2zigjvcqdtppudunxucgqsf6np2aq/index-v1-a1.m3u8</link>
        <thumbnail>https://image.tmdb.org/t/p/w640/sXFlyjfWv544uKOJmPd2vVsaFm9.jpg</thumbnail>
        </item>

        <item>
        <title>[COLOR=orange]A Nightmare on Elm Street Part 2: Freddys Revenge(1985)[/COLOR]</title>
        <link>http://srv38.vidzi.tv/hls2/nzuqicjn2a2qedz7nisr5fzfl2o2qvudl2ihz2tympdw7ir7u65xiyfgek5q/index-v1-a1.m3u8</link>
        <thumbnail>https://image.tmdb.org/t/p/w640/seEMZxo6bhHWbWPNcBQfsMAk39F.jpg</thumbnail>
        </item>

        <item>
        <title>[COLOR=orange]A Nightmare on Elm Street 3: Dream Warriors(1987)[/COLOR]</title>
        <link>http://srv35.vidzi.tv/hls2/mnuqjrcn2y2qedz7nigr5gltkvx34gudkbqrapy6dz7lmro2bnhulnrzqdra/index-v1-a1.m3u8</link>
        <thumbnail>https://image.tmdb.org/t/p/w640/4aMSIhvShIkDrhOsa0WL6KFwnpD.jpg</thumbnail>
        </item>

        <item>
        <title>[COLOR=orange]A Nightmare on Elm Street 4: The Dream Master(1988)[/COLOR]</title>
        <link>http://srv32.vidzi.tv/hls2/mbuqjfbk242qedz7niob5gjkam2wqcq4yf5a6xbskmubgeuyekihhheaxraa/index-v1-a1.m3u8</link>
        <thumbnail>https://image.tmdb.org/t/p/w640/oPvDjpZ5xIINxggRJpXwJtf40SW.jpg</thumbnail>
        </item>

        <item>
        <title>[COLOR=orange]A Nightmare on Elm Street 5: The Dream Child(1989)[/COLOR]</title>
        <link>http://srv47.vidzi.tv/hls2/o5uqjdoiz42qedz7nj4b5gdukphjp3b5jm3nptwotjfhqyvx22erx7ilvidq/index-v1-a1.m3u8</link>
        <thumbnail>https://image.tmdb.org/t/p/w640/vnorsG2pKAVqIMYsDJbKoOr4CsX.jpg</thumbnail>
        </item>

        <item>
        <title>[COLOR=orange]A Nightmare on Elm Street(2010)[/COLOR]</title>
        <link>http://srv30.vidzi.tv/hls2/mzuqjrgc2q2qedz7nlwr5dd5k2ka2rlecpeqgg7cwdn7l3tdwdnnoyra2zxq/index-v1-a1.m3u8</link>
        <thumbnail>https://image.tmdb.org/t/p/w640/zPdMcikD993AQRd92iNv0Dxb67T.jpg</thumbnail>
        </item>

        <item>
        <title>[COLOR=orange]All Hallows Eve(2013)[/COLOR]</title>
        <link>https://ph2dom.oloadcdn.net/dl/l/lmSi9NkNPXorlIum/79UWGP4ehtA/All+Hallows+Eve+2013+720p+ZOnlineMovies+com++mp4?mime=true</link>
        <thumbnail>https://image.tmdb.org/t/p/w640/2bTMXPO7vjEmZ04g9xAweoPitm9.jpg</thumbnail>
        </item>

        <item>
        <title>[COLOR=orange]Beetlejuice(1988)[/COLOR]</title>
        <link>https://r6---sn-vgqsrn7l.c.drive.google.com/videoplayback?id=57892c3c26fd3c21&itag=18&source=webdrive&begin=0&requiressl=yes&mm=30&mn=sn-vgqsrn7l&ms=nxu&mv=m&pl=20&sc=yes&ei=xprRWa7XKpCB-QWt5rWwAg&driveid=0BzaCX0Bbh_sGXzIwdEc4VUNvSEk&mime=video/mp4&lmt=1506271394316972&mt=1506908750&ip=67.235.169.18&ipbits=8&expire=1506916070&sparams=ip,ipbits,expire,id,itag,source,requiressl,mm,mn,ms,mv,pl,sc,ei,driveid,mime,lmt&signature=9115524A340059AC2C063FE8F73C3A55E27E2739.5EFE76644C69DFD36325487A7B04D2502B3EED4D&key=ck2</link>
        <thumbnail>https://image.tmdb.org/t/p/w1280/gWnW7vxm8yr01TVLQhL4aI02orp.jpg</thumbnail>
        </item>

        <item>
        <title>[COLOR=orange]Boo! A Madea Halloween(2016)[/COLOR]</title>
        <link>http://dsignhouse.net/Consideration_2016/Boo%20-%20A%20Madea%20Halloween%20(2016).mp4</link>
        <thumbnail>https://image.tmdb.org/t/p/w1280/6TRdUsrwddUyQ4o2hS4PuNXYMrQ.jpg</thumbnail>
        </item>

        <item>
        <title>[COLOR=orange]Casper(1995)[/COLOR]</title>
        <link>https://r5---sn-5uaezn6r.c.drive.google.com/videoplayback?id=2f5e2c4276cbe159&itag=22&source=webdrive&begin=0&requiressl=yes&mm=30&mn=sn-5uaezn6r&ms=nxu&mv=m&pl=20&sc=yes&ei=Mp3RWYzvHIrn-gXnhq_QCg&driveid=0B31fu0Dx7NhUbTk4aGVwVnhtQU0&mime=video/mp4&lmt=1506676252768242&mt=1506909416&ip=67.235.169.18&ipbits=8&expire=1506916690&sparams=ip,ipbits,expire,id,itag,source,requiressl,mm,mn,ms,mv,pl,sc,ei,driveid,mime,lmt&signature=1EF420EFFF9DDC66E987BAA9DEAD85D669E117FB.2C4DC1D0AEF0C3E3765E3A3E69FEF8C0704CB49D&key=ck2</link>
        <thumbnail>https://image.tmdb.org/t/p/w1280/cpMbvFDD2C21pqMNXVPhSWGQBR9.jpg</thumbnail>
        </item>

        <item>
        <title>[COLOR=orange]Casper: A Spirited Beginning(1997)[/COLOR]</title>
        <link>https://1fjiw6i.oloadcdn.net/dl/l/yqoLO_kKOHk66rG9/RV83R_c5FnU/Casper.A.Spirited.Beginning.CD1.1997.AEF.DVDrip.iNTERNAL.XviD-BPDcarrier.avi.mp4?mime=true</link>
        <thumbnail>https://image.tmdb.org/t/p/w1280/yQS4POeWQTU4RZGWh2XVgyiQyT9.jpg</thumbnail>
        </item>

        <item>
        <title>[COLOR=orange]Coraline(2009)[/COLOR]</title>
        <link>https://r1---sn-vgqsrnez.c.drive.google.com/videoplayback?id=3b88f804c62206ab&itag=18&source=webdrive&begin=0&requiressl=yes&mm=30&mn=sn-vgqsrnez&ms=nxu&mv=m&pl=20&sc=yes&ei=053RWfndIoTd-wWywrXoBw&driveid=0BzMuJuHM8FuoYmV1X1BNWVhzTHM&mime=video/mp4&lmt=1506650373267163&mt=1506909533&ip=67.235.169.18&ipbits=8&expire=1506916851&sparams=ip,ipbits,expire,id,itag,source,requiressl,mm,mn,ms,mv,pl,sc,ei,driveid,mime,lmt&signature=4278B5FA236D90FA53D7C4AF119B0648198C6BAE.45A281CD6509B6DF5AFE33C306E88F65B0AC5FF6&key=ck2</link>
        <thumbnail>https://image.tmdb.org/t/p/w1280/ybOmHUVVXcwBQErjw7tmeE97fpO.jpg</thumbnail>
        </item>

        <item>
        <title>[COLOR=orange]Corpse Bride(2005)[/COLOR]</title>
        <link>https://r6---sn-5uaeznks.c.drive.google.com/videoplayback?id=4e9c8079638cdd76&itag=22&source=webdrive&begin=0&requiressl=yes&mm=30&mn=sn-5uaeznks&ms=nxu&mv=m&pl=20&sc=yes&ei=-J3RWc-8PNDC-wX83YPwCw&driveid=0BzgOjg7As7kEcVlLNGQxeWcwMVU&mime=video/mp4&lmt=1506153959954486&mt=1506909590&ip=67.235.169.18&ipbits=8&expire=1506916888&sparams=ip,ipbits,expire,id,itag,source,requiressl,mm,mn,ms,mv,pl,sc,ei,driveid,mime,lmt&signature=576307AF5AD2BC18E907B294C9704D45A10591C5.6022C0A71907277357778FDF16BBA490A4814A9B&key=ck2</link>
        <thumbnail>https://image.tmdb.org/t/p/w1280/o9GbcdP7rOg2m1NyUnUR3ZwNcTE.jpg</thumbnail>
        </item>

        <item>
        <title>[COLOR=orange]Ghostbusters(1984)[/COLOR]</title>
        <link>https://r3---sn-5ualdnee.c.drive.google.com/videoplayback?id=492cfab5a7f6fabc&itag=22&source=webdrive&begin=0&requiressl=yes&mm=30&mn=sn-5ualdnee&ms=nxu&mv=m&pl=20&sc=yes&ei=NJ7RWZXCJYGx-AXay4-4Bg&driveid=0B-bf_z68-mKjcXRPc3VTZUdNUVk&mime=video/mp4&lmt=1506417264556924&mt=1506909650&ip=67.235.169.18&ipbits=8&expire=1506916948&sparams=ip,ipbits,expire,id,itag,source,requiressl,mm,mn,ms,mv,pl,sc,ei,driveid,mime,lmt&signature=203DD29BAD717FF23D9B8ECAC5EF30BB535BBCB3.26E867BFF47F45A814B9B723882CCD45502E3DE4&key=ck2</link>
        <thumbnail>https://image.tmdb.org/t/p/w1280/3FS3oBdorgczgfCkFi2u8ZTFfpS.jpg</thumbnail>
        </item>

        <item>
        <title>[COLOR=orange]Ghostbusters II(1989)[/COLOR]</title>
        <link>https://r4---sn-5ualdn76.c.drive.google.com/videoplayback?id=c2e9ac69cd59e496&itag=18&source=webdrive&begin=0&requiressl=yes&mm=30&mn=sn-5ualdn76&ms=nxu&mv=m&pl=20&sc=yes&ei=XZ7RWb7gJsjy-QXRwYP4CQ&driveid=0B852cu4tK60OWlVyZXFyTTBabHM&mime=video/mp4&lmt=1505575892876366&mt=1506909712&ip=67.235.169.18&ipbits=8&expire=1506916989&sparams=ip,ipbits,expire,id,itag,source,requiressl,mm,mn,ms,mv,pl,sc,ei,driveid,mime,lmt&signature=2D8CA99D21438A5A81F2F3CCD125F41B729D09DE.AC20F4082AEA77DFFA76DF96DC77B269F7A8B7DC&key=ck2</link>
        <thumbnail>https://image.tmdb.org/t/p/w1280/4nN0EYNbOWHJ9UO39maO5Kvcdfa.jpg</thumbnail>
        </item>

        <item>
        <title>[COLOR=orange]Ghostbusters(2016)[/COLOR]</title>
        <link>https://r4---sn-5uaeznde.c.drive.google.com/videoplayback?id=abfe14d81faec97e&itag=22&source=webdrive&begin=0&requiressl=yes&mm=30&mn=sn-5uaeznde&ms=nxu&mv=m&pl=20&sc=yes&ei=gJ7RWbqeI8PN-QXh676gBg&driveid=0B1md8FigII5NZ2FvdUhhbTA1SWs&mime=video/mp4&lmt=1506680871441730&mt=1506909712&ip=67.235.169.18&ipbits=8&expire=1506917024&sparams=ip,ipbits,expire,id,itag,source,requiressl,mm,mn,ms,mv,pl,sc,ei,driveid,mime,lmt&signature=B2EA96FB3459860BB33910F33BC82AC733821BE3.AE8CA7B69B84D88B50E6421C2ACAD08D85F83C73&key=ck2</link>
        <thumbnail>https://image.tmdb.org/t/p/w1280/6SkiCknOeWmBLhCerdrgG7elCK7.jpg</thumbnail>
        </item>

        <item>
        <title>[COLOR=orange]Halloween(1978)[/COLOR]</title>
        <link>http://srv21.vidzi.tv:8777/hls2/dvuqi3oqx42qedz7nkub5qzqar34iqfh6r43qsao3huiqm3j4dwwc54gva7q/index-v1-a1.m3u8</link>
        <thumbnail>https://image.tmdb.org/t/p/w1280/vjoOFOTBJcJvA1weJejlZ92LZD4.jpg</thumbnail>
        </item>

        <item>
        <title>[COLOR=orange]Halloween II(1981)[/COLOR]</title>
        <link>http://srv17.vidzi.tv:8777/hls2/cfuqizsw3e2qedz7nkub5hjlkgj555cxxoilyt75rbsw77imvvbn4vohzqlq/index-v1-a1.m3u8</link>
        <thumbnail>https://image.tmdb.org/t/p/w1280/9oXa66gARefZBuca4xpD8EFbcVg.jpg</thumbnail>
        </item>

        <item>
        <title>[COLOR=orange]Halloween III: Season of the Witch(1982)[/COLOR]</title>
        <link>http://srv21.vidzi.tv:8777/hls2/dvuqjftfxu2qedz7nkub5clrliz2s3ol2edqw2zf2mtrpmv7pp45s4cv3jcq/index-v1-a1.m3u8</link>
        <thumbnail>https://image.tmdb.org/t/p/w1280/svPexK18MEl0lyAqb8fFUGGsEQ8.jpg</thumbnail>
        </item>

        <item>
        <title>[COLOR=orange]Halloween 4: The Return of Michael Myers(1988)[/COLOR]</title>
        <link>http://srv20.vidzi.tv:8777/hls2/druqi6sw3e2qedz7nkub5tzaijtqvdpby33clqxej5gybsmtlg2ayglmeisq/index-v1-a1.m3u8</link>
        <thumbnail>https://image.tmdb.org/t/p/w1280/oudmrV1WljSJMpgwq6K4VzbIMMK.jpg</thumbnail>
        </item>

        <item>
        <title>[COLOR=orange]Halloween 5: The Revenge of Michael Myers(1989)[/COLOR]</title>
        <link>http://srv20.vidzi.tv:8777/hls2/druqiz2w3e2qedz7nkub5edvjtnwa7h7ec25yenid4zzpznrhei2zsslbdva/index-v1-a1.m3u8</link>
        <thumbnail>https://image.tmdb.org/t/p/w1280/gQwN6KXBuO94kaYpeX3uaueszkd.jpg</thumbnail>
        </item>

        <item>
        <title>[COLOR=orange]Halloween: The Curse of Michael Myers (1995)[/COLOR]</title>
        <link>http://srv21.vidzi.tv:8777/hls2/dvuqi4kw3e2qedz7nkub5czskukgxur2k6qrhua4tchpmpw4vpvqyjz4p3cq/index-v1-a1.m3u8</link>
        <thumbnail>https://image.tmdb.org/t/p/w1280/8Tw5IttoEATGD2FHhcG9bDzqwbi.jpg</thumbnail>
        </item>

        <item>
        <title>[COLOR=orange]Halloween H20: 20 Years Later(1998)[/COLOR]</title>
        <link>http://srv18.vidzi.tv:8777/hls2/cjuqi7sw3e2qedz7nkub5strizfeypkt6bmjtievnwe33egxdc7g7citbk3q/index-v1-a1.m3u8</link>
        <thumbnail>https://image.tmdb.org/t/p/w1280/crycJDHRvpQyZeQyRYtIZKIpNzK.jpg</thumbnail>
        </item>

        <item>
        <title>[COLOR=orange]Halloween: Resurrection(2002)[/COLOR]</title>
        <link>http://srv39.vidzi.tv/hls2/n5uqid2f2a2qedz7nirr5dlxifaznmezo3utnrwl5grbu2k2z4pqo72wc5yq/index-v1-a1.m3u8</link>
        <thumbnail>https://image.tmdb.org/t/p/w1280/9aKyqYdOGbZvUCRDxXAbRqCxM5e.jpg</thumbnail>
        </item>

        <item>
        <title>[COLOR=orange]Halloween(2007)[/COLOR]</title>
        <link>http://srv17.vidzi.tv:8777/hls2/cfuqj6av3e2qedz7nkvr5azkkesulu6ndwpdxn2jovzbvcmkep7z3uwoviba/index-v1-a1.m3u8</link>
        <thumbnail>https://image.tmdb.org/t/p/w1280/9CPYBA1Fq5BdCmViSPyfPiBOcTH.jpg</thumbnail>
        </item>

        <item>
        <title>[COLOR=orange]Halloween II(2009)[/COLOR]</title>
        <link>http://srv25.vidzi.tv:8777/hls2/dfuqijqj3i2qedz7nl2r5drfirsfp272rhrndcxekvaz5ta54ibhlrbk2tcq/index-v1-a1.m3u8
</link>
        <thumbnail>https://image.tmdb.org/t/p/w1280/pXei2go7b2d5VyAvMKAVhyPqecW.jpg</thumbnail>
        </item>

        <item>
        <title>[COLOR=orange]Halloween: Resurgence(2012)[/COLOR]</title>
        <link>http://srv54.vidzi.tv/hls2/pzuqioltzy2qedz7nkir7dttlhh3bxcvgwekecuu4omfghjwjpqljkk6fc3q/index-v1-a1.m3u8</link>
        <thumbnail>https://image.tmdb.org/t/p/w640/n63HVHejRuTB5hq4Gqn4YYNfgg0.jpg</thumbnail>
        </item>

        <item>
        <title>[COLOR=orange]Halloweentown(1998)[/COLOR]</title>
        <link>https://123df09.oloadcdn.net/dl/l/wEzgPkPWvKUKUo34/TTaZ3WNvaBU/Halloweentown__1998__480p_webrip_aac_x264.mp4?mime=true</link>
        <thumbnail>https://image.tmdb.org/t/p/w640/b2bUOe2qL86GUDoncknSqCXaQgK.jpg</thumbnail>
        </item>

        <item>
        <title>[COLOR=orange]Halloweentown II: Kalabar's Revenge(2001)[/COLOR]</title>
        <link>https://r6---sn-5ualdn76.c.drive.google.com/videoplayback?id=d183a624f7853ff3&itag=18&source=webdrive&begin=0&requiressl=yes&mm=30&mn=sn-5ualdn76&ms=nxu&mv=m&pl=20&sc=yes&ei=Z6LRWcawCMru-wW7ppu4Cw&driveid=0B-G2sXBc4_k4ZjBiM3BSMVVsWnM&mime=video/mp4&lmt=1505596871824943&mt=1506910729&ip=67.235.169.18&ipbits=8&expire=1506918023&sparams=ip,ipbits,expire,id,itag,source,requiressl,mm,mn,ms,mv,pl,sc,ei,driveid,mime,lmt&signature=927264CEA7C33DE922F01ECA235959C65C198508.1C7FB1C1522ED6F9D4CE589AA450F6DA388496C6&key=ck2</link>
        <thumbnail>https://image.tmdb.org/t/p/original/rJHMSAx8pQH9sXwuD8g1ElDXbtz.jpg</thumbnail>
        </item>

        <item>
        <title>[COLOR=orange]Halloweentown High(2004)[/COLOR]</title>
        <link>https://r6---sn-5ualdn7z.c.drive.google.com/videoplayback?id=9c7514f992bda5a9&itag=18&source=webdrive&begin=0&requiressl=yes&mm=30&mn=sn-5ualdn7z&ms=nxu&mv=m&pl=20&sc=yes&ei=gqLRWc7WEYGx-AXay4-4Bg&driveid=0B7rkC96zVG4-NGx3OEgzaGJqOFk&mime=video/mp4&lmt=1506634199442351&mt=1506910729&ip=67.235.169.18&ipbits=8&expire=1506918050&sparams=ip,ipbits,expire,id,itag,source,requiressl,mm,mn,ms,mv,pl,sc,ei,driveid,mime,lmt&signature=945D0A7F848379D34FC2A038B5638D14E9BA72B7.25C9180F380384BBA8993E8347310D823B6D94A6&key=ck2</link>
        <thumbnail>https://image.tmdb.org/t/p/w1280/unR7yBuFLvz0QkJ7BVh4TmMT3Uc.jpg</thumbnail>
        </item>

        <item>
        <title>[COLOR=orange]Return to Halloweentown(2006)[/COLOR]</title>
        <link>https://r4---sn-5uaeznrz.c.drive.google.com/videoplayback?id=5290a28f64ec5802&itag=18&source=webdrive&begin=0&requiressl=yes&mm=30&mn=sn-5uaeznrz&ms=nxu&mv=m&pl=20&sc=yes&ei=pKLRWbVxw_H6BfC5kbgE&driveid=0By7pnfvmCeg2ZDR3NndrOVNtQlk&mime=video/mp4&lmt=1506251375411295&mt=1506910789&ip=67.235.169.18&ipbits=8&expire=1506918084&sparams=ip,ipbits,expire,id,itag,source,requiressl,mm,mn,ms,mv,pl,sc,ei,driveid,mime,lmt&signature=A19CEA3B52296F381F52513F37A1EE6C5B4A0A49.1C7FF0214443F504AC8FF1C534192981DA4B1DDB&key=ck2</link>
        <thumbnail>https://image.tmdb.org/t/p/w1280/m5kzcMqC6ZBbw1wEbrzpp2vMCSs.jpg</thumbnail>
        </item>

        <item>
        <title>[COLOR=orange]Hocus Pocus(1993)[/COLOR]</title>
        <link>https://r6---sn-5ualdn7r.c.drive.google.com/videoplayback?id=b14650799a7880f2&itag=22&source=webdrive&begin=0&requiressl=yes&mm=30&mn=sn-5ualdn7r&ms=nxu&mv=m&pl=20&sc=yes&ei=-6PRWY3UKIaD-QW-k6HwAw&driveid=0B5FmPl0M8FWRak1KUjF3OGNTbDg&mime=video/mp4&lmt=1506629168830999&mt=1506911149&ip=67.235.169.18&ipbits=8&expire=1506918427&sparams=ip,ipbits,expire,id,itag,source,requiressl,mm,mn,ms,mv,pl,sc,ei,driveid,mime,lmt&signature=4039CF4A5A3E77EB61CD74A376013E10081E4659.777D6565A228B4AB84420C25CBC859B243A3DCA9&key=ck2</link>
        <thumbnail>https://image.tmdb.org/t/p/w1280/okCXNIX9QXNXbWM9NBnKlMpYVBd.jpg</thumbnail>
        </item>

        <item>
        <title>[COLOR=orange]Hotel Transylvania(2012)[/COLOR]</title>
        <link>https://r3---sn-5ualdn7r.c.drive.google.com/videoplayback?id=4c4b98f33fa229db&itag=22&source=webdrive&begin=0&requiressl=yes&mm=30&mn=sn-5ualdn7r&ms=nxu&mv=m&pl=20&sc=yes&ei=JKTRWazgJ8jy-QXRwYP4CQ&driveid=0BwG4oikZUVtzU255RTdOXzl2MWs&mime=video/mp4&lmt=1506643258359321&mt=1506911149&ip=67.235.169.18&ipbits=8&expire=1506918468&sparams=ip,ipbits,expire,id,itag,source,requiressl,mm,mn,ms,mv,pl,sc,ei,driveid,mime,lmt&signature=9B7B4822F54EB93B80FFAE066DD209ACE6726D96.1CB009D8BB5CDA1FDB363807CD839B9AACD3938E&key=ck2</link>
        <thumbnail>https://image.tmdb.org/t/p/w1280/fHntg68hzEtpDuvx8PWTHoPsED2.jpg</thumbnail>
        </item>

        <item>
        <title>[COLOR=orange]Hotel Transylvania 2(2015)[/COLOR]</title>
        <link>https://ph2dpa.oloadcdn.net/dl/l/EYB24zFC1afwMw93/Hg0OUlzm-_4/Hotel+Transylvania+2+2015+720p+HDRip+x264+AAC-ETRG+mp4?mime=true</link>
        <thumbnail>https://image.tmdb.org/t/p/w1280/cFQHMUmxaO3PEDo5lxuQC8MCRIH.jpg</thumbnail>
        </item>

        <item>
        <title>[COLOR=orange]Its the Great Pumpkin Charlie Brown(1966)[/COLOR]</title>
        <link>https://r4---sn-5uaeznrz.c.drive.google.com/videoplayback?id=9daf7c2e09a02adf&itag=22&source=webdrive&begin=0&requiressl=yes&mm=30&mn=sn-5uaeznrz&ms=nxu&mv=m&pl=20&sc=yes&ei=YaXRWb_xLNWJ-AXC86SICw&driveid=0B3t6aGV_JEYpTWV6djVFUmw4dVU&mime=video/mp4&lmt=1506292661751331&mt=1506911446&ip=67.235.169.18&ipbits=8&expire=1506918785&sparams=ip,ipbits,expire,id,itag,source,requiressl,mm,mn,ms,mv,pl,sc,ei,driveid,mime,lmt&signature=4D0AADDA90D381BD6B82EE39BBB3DFA2A0E45784.A2721E4ABE5660D04D98BB81317835CF3FD1A7DD&key=ck2</link>
        <thumbnail>https://image.tmdb.org/t/p/w1280/9QdnfxTDKUSW1t23sKSQjPNs0iD.jpg</thumbnail>
        </item>

        <item>
        <title>[COLOR=orange]Monster High: Ghouls Rule(2012)[/COLOR]</title>
        <link>https://1fjiw5e.oloadcdn.net/dl/l/ngi1EdXy80Ka9A9Y/i9B77hW9KjU/Monster+High+Ghouls+Rule+2012+720p+BRrip+x264+YIFY+mp4?mime=true</link>
        <thumbnail>https://image.tmdb.org/t/p/w640/lKRVm9ErFmE9zktwskXO3W8sGd3.jpg</thumbnail>
        </item>

        <item>
        <title>[COLOR=orange]Monster House(2006)[/COLOR]</title>
        <link>https://r10---sn-5uaezn7y.c.drive.google.com/videoplayback?id=7625126ea095008d&itag=22&source=webdrive&begin=0&requiressl=yes&mm=30&mn=sn-5uaezn7y&ms=nxu&mv=m&pl=20&sc=yes&ei=RK7RWanLLIzh-gX7yryQDQ&driveid=0B-tE-fKjpWW5WFB5dDdwTUVRNEE&mime=video/mp4&lmt=1506139670430419&mt=1506911446&ip=67.235.169.18&ipbits=8&expire=1506921060&sparams=ip,ipbits,expire,id,itag,source,requiressl,mm,mn,ms,mv,pl,sc,ei,driveid,mime,lmt&signature=606A11B2506A2BEF5ADFB1138AD32598772B7B2C.7EA77E706F9DEC9C13A8646C451C925741B3A200&key=ck2</link>
        <thumbnail>https://image.tmdb.org/t/p/w1280/vOhKyKxlmtRwRHqKGV2VrFhJjCG.jpg</thumbnail>
        </item>

        <item>
        <title>[COLOR=orange]ParaNorman(2012)[/COLOR]</title>
        <link>https://1fjiw6f.oloadcdn.net/dl/l/fhWaYQhBiSlM6TVk/C2eQC47NJFw/Paranorman.2012.BrRip.mp4?mime=true</link>
        <thumbnail>https://image.tmdb.org/t/p/w1280/pfGmWVyGHgdJrdKrZ5RWZpbAhkn.jpg</thumbnail>
        </item>

        <item>
        <title>[COLOR=orange]Sleepy Hollow(1999)[/COLOR]</title>
        <link>https://1fhjlpj.oloadcdn.net/dl/l/dFXh41QwgaazxJ6V/QGDH0hexKIc/Sleepy.Hollow.1999.720p.BrRip.x264.YIFY.mp4?mime=true</link>
        <thumbnail>https://image.tmdb.org/t/p/w1280/mTN4m41lHKaIf0dVcWzVdCJOYik.jpg</thumbnail>
        </item>

        <item>
        <title>[COLOR=orange]Tales of Halloween(2015)[/COLOR]</title>
        <link>http://srv63.vidzi.tv/hls2/i5uqjvqqx42qedz7nlcb7drlkzigikeff67mijglpxqpc2wldtelxdjslmbq/index-v1-a1.m3u8</link>
        <thumbnail>https://image.tmdb.org/t/p/w1280/dEzpLp938XTZhCSChtippn7eh52.jpg</thumbnail>
        </item>

        <item>
        <title>[COLOR=orange]The Addams Family(1991))[/COLOR]</title>
        <link>https://r2---sn-5uaeznz7.c.drive.google.com/videoplayback?id=8a9ba96765dfc04b&itag=18&source=webdrive&begin=0&requiressl=yes&mm=30&mn=sn-5uaeznz7&ms=nxu&mv=m&pl=20&sc=yes&ei=2qfRWZ6LJceCuwKngI-wBA&driveid=0B2IziD8Za5-VNWswa2g0bWN5YWs&mime=video/mp4&lmt=1506131860129961&mt=1506911446&ip=67.235.169.18&ipbits=8&expire=1506919418&sparams=ip,ipbits,expire,id,itag,source,requiressl,mm,mn,ms,mv,pl,sc,ei,driveid,mime,lmt&signature=47F567CB21D746B90B535433F7D4D257DE873B51.2170C3AA4E8A0B244007B8312AB49D3C0EC9A0EC&key=ck2</link>
        <thumbnail>https://image.tmdb.org/t/p/w1280/ajiQj0jbacMAmPxDU3fP9TeIfTi.jpg</thumbnail>
        </item>

        <item>
        <title>[COLOR=orange]Addams Family Values(1993)[/COLOR]</title>
        <link>https://r5---sn-5uaeznr6.c.drive.google.com/videoplayback?id=db79007546659b4e&itag=22&source=webdrive&begin=0&requiressl=yes&mm=30&mn=sn-5uaeznr6&ms=nxu&mv=m&pl=20&sc=yes&ei=_qfRWYLGO4e0uQLT6IDgAw&driveid=0BwGtax1_AHPAU2RIQy1lM21VUk0&mime=video/mp4&lmt=1506634502915537&mt=1506911446&ip=67.235.169.18&ipbits=8&expire=1506919454&sparams=ip,ipbits,expire,id,itag,source,requiressl,mm,mn,ms,mv,pl,sc,ei,driveid,mime,lmt&signature=0CE7A352BC3AA960CCFC7F6752A920BF0B6599EF.03BFCEBA689AAFE1CAFAAFFB8BDE449D5F8CBCED&key=ck2</link>
        <thumbnail>https://image.tmdb.org/t/p/w1280/zEwEXGDvJ8Ou2s6XbLMPvMTX53S.jpg</thumbnail>
        </item>

        <item>
        <title>[COLOR=orange]The Cat in the Hat Knows a lot about Halloween(2016)[/COLOR]</title>
        <link>https://r1---sn-5ualdn7k.c.drive.google.com/videoplayback?id=fd7e983065e08841&itag=18&source=webdrive&begin=0&requiressl=yes&mm=30&mn=sn-5ualdn7k&ms=nxu&mv=m&pl=20&sc=yes&ei=Z6jRWbDABofZuALY24D4DQ&driveid=0B1-IHWmoQwOyejFwZXpnR2hWZW8&mime=video/mp4&lmt=1506276911750351&mt=1506911446&ip=67.235.169.18&ipbits=8&expire=1506919559&sparams=ip,ipbits,expire,id,itag,source,requiressl,mm,mn,ms,mv,pl,sc,ei,driveid,mime,lmt&signature=9E934F07775D4C00733E6043080499E97A0C374C.339871ABCCC776A06BDA59D4F56C1FC4B5335F86&key=ck2</link>
        <thumbnail>https://image.tmdb.org/t/p/w1280/2cijP3zXHTXFjx125quPgNnCZnt.jpg</thumbnail>
        </item>

        <item>
        <title>[COLOR=orange]The Legend of Sleepy Hollow(1949)[/COLOR]</title>
        <link>https://archive.org/download/TheLegendOfSleepyHollow_201602/The%20Legend%20Of%20Sleepy%20Hollow.mp4</link>
        <thumbnail>https://image.tmdb.org/t/p/w1280/5N7Ckn02MH5onXOcINGC0Caftw0.jpg</thumbnail>
        </item>

        <item>
        <title>[COLOR=orange]The Night Before Halloween(2016)[/COLOR]</title>
        <link>https://r3---sn-5ualdn7l.c.drive.google.com/videoplayback?id=0b2248f08f117def&itag=22&source=webdrive&begin=0&requiressl=yes&mm=30&mn=sn-5ualdn7l&ms=nxu&mv=m&pl=20&sc=yes&ei=i6jRWe7JIMKqugKZhbnICw&driveid=0B0dQeggmWWiZeC1zaFFTX3IyUkU&mime=video/mp4&lmt=1506791257931909&mt=1506911446&ip=67.235.169.18&ipbits=8&expire=1506919595&sparams=ip,ipbits,expire,id,itag,source,requiressl,mm,mn,ms,mv,pl,sc,ei,driveid,mime,lmt&signature=6B55D640C8C9EDDE492B09AE2B3BDBDDB8AAD558.7E98C3EB5447CC123CC92305083A8294F67B7691&key=ck2</link>
        <thumbnail>https://image.tmdb.org/t/p/w1280/2klAo7ZDewLt4v7LtZ3FO84DsHk.jpg</thumbnail>
        </item>

        <item>
        <title>[COLOR=orange]The Nightmare Before Christmas(1993)[/COLOR]</title>
        <link>https://r4---sn-5ualdn7d.c.drive.google.com/videoplayback?id=4a8f78b5526dff7a&itag=18&source=webdrive&begin=0&requiressl=yes&mm=30&mn=sn-5ualdn7d&ms=nxu&mv=m&pl=20&sc=yes&ei=qqjRWfS8LZeLugKCx6qwDQ&driveid=0B1y6LekIhIwCb0YxejJPUFVKak0&mime=video/mp4&lmt=1506628254953246&mt=1506911446&ip=67.235.169.18&ipbits=8&expire=1506919626&sparams=ip,ipbits,expire,id,itag,source,requiressl,mm,mn,ms,mv,pl,sc,ei,driveid,mime,lmt&signature=705FED99E254DFEC19A50E3C98C7A00DA3736BD0.08DD2A4567E618381A0E8C99D73DD3800A8E9FC2&key=ck2&ir=1&rr=12&fexp=23702512</link>
        <thumbnail>https://image.tmdb.org/t/p/w1280/6oxkO1VgKCq74fNILKAg6t2dVEt.jpg</thumbnail>
        </item>

        <item>
        <title>[COLOR=orange]The Nighmare Ends on Halloween(2005)[/COLOR]</title>
        <link>http://srv63.vidzi.tv/hls2/i5uqie4ly42qedz7nlbb7ebxkyhh56sthxkdfoxyeh2znmdape4rk7jyez6a/index-v1-a1.m3u8</link>
        <thumbnail>https://image.tmdb.org/t/p/w640/iTy6SJl1BNGRLlUmTKCwqOsPDSW.jpg</thumbnail>
        </item>
        
</items>