<?xml version="1.0" encoding="UTF-8" standalone="yes"?>
<addon id="plugin.video.ufamily" name="UFamily" version="0.0.5" provider-name="ad">
	<requires>
		<import addon="xbmc.python" version="2.19.0" />
		<import addon="script.module.nanscrapers" version="0.5.5" />
        <import addon="script.module.python.koding.aio" version="0.0.1"/>
	</requires>
	<extension point="xbmc.python.pluginsource" library="default.py">
		<provides>video</provides>
	</extension>
	<extension point="xbmc.addon.metadata">
		<summary lang="en">Miami Hurricanes Football Videos</summary>
		<description lang="en">All of your Miami Hurricanes Football videos in one easily accessible location. </description>
		<platform>all</platform>
		<forum>http://www.noobsandnerds.com/support</forum>
		<website>www.noobsandnerds.com</website>
		<news></news>
		<genre>sports,usa</genre>
		<video_guide></video_guide>
		<video_preview></video_preview>
	</extension>
</addon>
