<?xml version="1.0" encoding="UTF-8" standalone="yes"?>
<addon id="plugin.video.atraintv" name="Atrain TV" version="99.0.0" provider-name="ad">
  <requires>
    <import addon="xbmc.python" version="2.19.0"/>
    <import addon="repository.xbmc-israel" />
  </requires>
  <extension point="xbmc.python.pluginsource" library="default.py">
        <provides>video</provides>
  </extension>
  <extension point="xbmc.addon.metadata">
    <summary lang="en">US Sports TV</summary>
    <description lang="en">US Sports TV. Atrain TV does not own any of this content. This content is readily available on the web. AD is not affiliated in any way, shape, or form with Kodi. </description>
    <platform>all</platform>
  </extension>
</addon>
