<?xml version="1.0" encoding="UTF-8" standalone="yes"?>
<addon id="plugin.video.itsscience" name="Its Science" version="0.0.3" provider-name="whufclee, ad">
	<requires>
		<import addon="xbmc.python" version="2.19.0" />
		<import addon="script.module.nanscrapers" version="0.5.5" />
        <import addon="script.module.python.koding.aio" version="0.0.1"/>
	</requires>
	<extension point="xbmc.python.pluginsource" library="default.py">
		<provides>video</provides>
	</extension>
	<extension point="xbmc.addon.metadata">
		<summary lang="en">Science documentaries.</summary>
		<description lang="en">Animal, plant, and science documentaries compiled using YouTube.</description>
		<platform>all</platform>
		<forum>http://www.noobsandnerds.com/support</forum>
		<website>www.noobsandnerds.com</website>
		<news></news>
		<genre>documentary,usa</genre>
		<video_guide></video_guide>
		<video_preview></video_preview>
	</extension>
</addon>
