<?xml version="1.0" encoding="UTF-8" standalone="yes"?>
<addon id="repository.atrain" name="atrain" version="0.0.3" provider-name="ad">
	<extension point="xbmc.addon.repository" name="atrain">
		<dir>
			<info compressed="false">https://raw.githubusercontent.com/noobsandnerds/modules4all/master/zips/addons.xml</info>
			<checksum>https://raw.githubusercontent.com/noobsandnerds/modules4all/master/zips/addons.xml.md5</checksum>
			<datadir zip="true">https://raw.githubusercontent.com/noobsandnerds/modules4all/master/zips/</datadir>
		</dir>
		<info compressed="false">https://raw.githubusercontent.com/bentkatu/repository.atrain/master/zips/addons.xml</info>
		<checksum>https://raw.githubusercontent.com/bentkatu/repository.atrain/master/zips/addons.xml.md5</checksum>
		<datadir zip="true">https://raw.githubusercontent.com/bentkatu/repository.atrain/master/zips/</datadir>
	</extension>
	<extension point="xbmc.addon.metadata">
		<summary lang="en">Home of Tempus</summary>
		<description lang="en">Atrains repo and the home of Tempus</description>
		<genre>movies,tvshows,usa</genre>
	</extension>
</addon>