<items>
        <item>
        <title>[COLOR=orange]Beetlejuice(1988)[/COLOR]</title>
        <link>https://r6---sn-5ualdn7e.c.drive.google.com/videoplayback?id=57892c3c26fd3c21&itag=18&source=webdrive&begin=0&requiressl=yes&mm=30&mn=sn-5ualdn7e&ms=nxu&mv=m&pl=20&sc=yes&ei=RU7RWaWoOpCl-QWSgo3QDg&driveid=0BzaCX0Bbh_sGXzIwdEc4VUNvSEk&mime=video/mp4&lmt=1506271394316972&mt=1506889185&ip=67.235.169.18&ipbits=8&expire=1506896485&sparams=ip,ipbits,expire,id,itag,source,requiressl,mm,mn,ms,mv,pl,sc,ei,driveid,mime,lmt&signature=8E01679AC5AEB1CEC11D6732D9879E3A4DA6AC47.77C3DB868445FFC29E1018F60577719BDD288879&key=ck2</link>
        <thumbnail>https://image.tmdb.org/t/p/w1280/gWnW7vxm8yr01TVLQhL4aI02orp.jpg</thumbnail>
        </item>

        <item>
        <title>[COLOR=orange]Boo! A Madea Halloween(2016)[/COLOR]</title>
        <link>https://1fiafzt.oloadcdn.net/dl/l/ZfS8nbzwYnHk7gpd/nFrI3N-0hQA/Boo%21.A.Madea.Halloween.2016.720p.BluRay.x264-%5BYTS.AG%5D.mp4?mime=true</link>
        <thumbnail>https://image.tmdb.org/t/p/w1280/6TRdUsrwddUyQ4o2hS4PuNXYMrQ.jpg</thumbnail>
        </item>

        <item>
        <title>[COLOR=orange]Casper(1995)[/COLOR]</title>
        <link>https://r5---sn-5uaezn6r.c.drive.google.com/videoplayback?id=2f5e2c4276cbe159&itag=22&source=webdrive&begin=0&requiressl=yes&mm=30&mn=sn-5uaezn6r&ms=nxu&mv=m&pl=20&sc=yes&ei=yG3RWbOHBY6q-AWy_bbQCg&driveid=0B31fu0Dx7NhUbTk4aGVwVnhtQU0&mime=video/mp4&lmt=1506676252768242&mt=1506897115&ip=67.235.169.18&ipbits=8&expire=1506904552&sparams=ip,ipbits,expire,id,itag,source,requiressl,mm,mn,ms,mv,pl,sc,ei,driveid,mime,lmt&signature=05A16DFF19FA67FD6D76334BFE8F48B2BF64F28A.A73D960527679147E7626E92858C68C96DF7D8E9&key=ck2</link>
        <thumbnail>https://image.tmdb.org/t/p/w1280/cpMbvFDD2C21pqMNXVPhSWGQBR9.jpg</thumbnail>
        </item>

        <item>
        <title>[COLOR=orange]Casper: A Spirited Beginning(1997)[/COLOR]</title>
        <link>https://1fjiw6i.oloadcdn.net/dl/l/yqoLO_kKOHk66rG9/RV83R_c5FnU/Casper.A.Spirited.Beginning.CD1.1997.AEF.DVDrip.iNTERNAL.XviD-BPDcarrier.avi.mp4?mime=true</link>
        <thumbnail>https://image.tmdb.org/t/p/w1280/yQS4POeWQTU4RZGWh2XVgyiQyT9.jpg</thumbnail>
        </item>

        <item>
        <title>[COLOR=orange]Coraline(2009)[/COLOR]</title>
        <link>https://r6---sn-5ualdn7l.c.drive.google.com/videoplayback?id=0cc2d74f5dc34643&itag=59&source=webdrive&begin=0&requiressl=yes&mm=30&mn=sn-5ualdn7l&ms=nxu&mv=m&pl=20&sc=yes&ei=5nPRWfrCBcjr-QXowLEY&driveid=0By4VppPgyx84eWZmS0xCYUFzTDQ&mime=video/mp4&lmt=1503948755049609&mt=1506898816&ip=67.235.169.18&ipbits=8&expire=1506906118&sparams=ip,ipbits,expire,id,itag,source,requiressl,mm,mn,ms,mv,pl,sc,ei,driveid,mime,lmt&signature=0617F816B39B5006815C0588364B7719814C8C3C.70C6854787D1D2A4A3E62A8347FACDA033EFF4BD&key=ck2</link>
        <thumbnail>https://image.tmdb.org/t/p/w1280/ybOmHUVVXcwBQErjw7tmeE97fpO.jpg</thumbnail>
        </item>

        <item>
        <title>[COLOR=orange]Corpse Bride(2005)[/COLOR]</title>
        <link>https://r6---sn-5ualdnel.c.drive.google.com/videoplayback?id=4e9c8079638cdd76&itag=22&source=webdrive&begin=0&requiressl=yes&mm=30&mn=sn-5ualdnel&ms=nxu&mv=m&pl=20&sc=yes&ei=IGjRWefyKcyl-wWEqpYg&driveid=0BzgOjg7As7kEcVlLNGQxeWcwMVU&mime=video/mp4&lmt=1506153959954486&mt=1506895816&ip=67.235.169.18&ipbits=8&expire=1506903104&sparams=ip,ipbits,expire,id,itag,source,requiressl,mm,mn,ms,mv,pl,sc,ei,driveid,mime,lmt&signature=4F4468245C1CA7CAED8E7885EE6FC75E65FDD429.53DA648836641443B57C7039007D9C7FA7AB5278&key=ck2</link>
        <thumbnail>https://image.tmdb.org/t/p/w1280/o9GbcdP7rOg2m1NyUnUR3ZwNcTE.jpg</thumbnail>
        </item>

        <item>
        <title>[COLOR=orange]Ghostbusters(1984)[/COLOR]</title>
        <link>https://pgli2y.oloadcdn.net/dl/l/so-nab97Ja0ia126/-ZdhauU4LwE/Ald9uAvDszRU5.mp4?mime=true</link>
        <thumbnail>https://image.tmdb.org/t/p/w1280/3FS3oBdorgczgfCkFi2u8ZTFfpS.jpg</thumbnail>
        </item>

        <item>
        <title>[COLOR=orange]Ghostbusters II(1989)[/COLOR]</title>
        <link>https://1fgm90d.oloadcdn.net/dl/l/fUNhdNSFC8kUUh17/EQaq6FGlVJw/5eeVS9gGCN.mp4?mime=true</link>
        <thumbnail>https://image.tmdb.org/t/p/w1280/4nN0EYNbOWHJ9UO39maO5Kvcdfa.jpg</thumbnail>
        </item>

        <item>
        <title>[COLOR=orange]Ghostbusters(2016)[/COLOR]</title>
        <link>https://oqbkj1.oloadcdn.net/dl/l/XdiakHoQ9bB2cR2z/2VkF9lJHju8/gheHaTx8q.mp4?mime=true</link>
        <thumbnail>https://image.tmdb.org/t/p/w1280/6SkiCknOeWmBLhCerdrgG7elCK7.jpg</thumbnail>
        </item>

        <item>
        <title>[COLOR=orange]Grave Halloween(2013)[/COLOR]</title>
        <link>https://r2---sn-5ualdne7.c.drive.google.com/videoplayback?id=122d90df34a0d247&itag=18&source=webdrive&begin=0&requiressl=yes&mm=30&mn=sn-5ualdne7&ms=nxu&mv=m&pl=20&sc=yes&ei=jVnRWfy3Bsjr-QXowLEY&driveid=0B3pJ_lbzNti8bEdySVI1SC1iRnM&mime=video/mp4&lmt=1505674067632986&mt=1506892083&ip=67.235.169.18&ipbits=8&expire=1506899373&sparams=ip,ipbits,expire,id,itag,source,requiressl,mm,mn,ms,mv,pl,sc,ei,driveid,mime,lmt&signature=739695A8A80E9CCA79D392A8B12E9135874D16A9.53BBB90841DB751E60DE0B852F022232DA2444AD&key=ck2</link>
        <thumbnail>https://image.tmdb.org/t/p/w1280/SSr17CBHhh0gmno7rThPaDrcsN.jpg</thumbnail>
        </item>

        <item>
        <title>[COLOR=orange]Halloween(1978)[/COLOR]</title>
        <link>https://r1---sn-5uaezn6k.c.drive.google.com/videoplayback?id=4c1ad8311bfc6fae&itag=18&source=webdrive&begin=0&requiressl=yes&mm=30&mn=sn-5uaezn6k&ms=nxu&mv=u&pl=20&sc=yes&ei=alDRWc_XG4Le-QW6l5mADA&driveid=0BzAYfnsoJV0tTmxDTTBlVTlMVm8&mime=video/mp4&lmt=1506443563264176&mt=1506889602&ip=67.235.169.18&ipbits=8&expire=1506897034&sparams=ip,ipbits,expire,id,itag,source,requiressl,mm,mn,ms,mv,pl,sc,ei,driveid,mime,lmt&signature=6530267D169C21CECBBB91E73AB7D19B869F5B93.4FD104F2ACA116F3CD3287CA24266A935EEBC3C5&key=ck2</link>
        <thumbnail>https://image.tmdb.org/t/p/w1280/vjoOFOTBJcJvA1weJejlZ92LZD4.jpg</thumbnail>
        </item>

        <item>
        <title>[COLOR=orange]Halloween II(1981)[/COLOR]</title>
        <link>https://r5---sn-5uaezne7.c.drive.google.com/videoplayback?id=719ed6ad2cf96e17&itag=22&source=webdrive&begin=0&requiressl=yes&mm=30&mn=sn-5uaezne7&ms=nxu&mv=u&pl=20&sc=yes&ei=s1DRWasjw4LQBfa9g8AK&driveid=0B_HgJh0ahc9SWVhZVkFZMHh5LW8&mime=video/mp4&lmt=1505683447166383&mt=1506889602&ip=67.235.169.18&ipbits=8&expire=1506897107&sparams=ip,ipbits,expire,id,itag,source,requiressl,mm,mn,ms,mv,pl,sc,ei,driveid,mime,lmt&signature=4E13EC5CD8AB552F93BDE072B3112F9C06B81A94.487646A39B4C7042BC654B4206787CD48E04F5D6&key=ck2</link>
        <thumbnail>https://image.tmdb.org/t/p/w1280/9oXa66gARefZBuca4xpD8EFbcVg.jpg</thumbnail>
        </item>

        <item>
        <title>[COLOR=orange]Halloween III: Season of the Witch(1982)[/COLOR]</title>
        <link>https://r6---sn-5uaezndl.c.drive.google.com/videoplayback?id=9871d507c520dd11&itag=22&source=webdrive&begin=0&requiressl=yes&mm=30&mn=sn-5uaezndl&ms=nxu&mv=m&pl=20&sc=yes&ei=5lHRWeK8A8bB-AWDwo2wBA&driveid=0B0Hh8UxI7RfNOW5Xc2hPWlpRVkU&mime=video/mp4&lmt=1506640891562141&mt=1506890098&ip=67.235.169.18&ipbits=8&expire=1506897414&sparams=ip,ipbits,expire,id,itag,source,requiressl,mm,mn,ms,mv,pl,sc,ei,driveid,mime,lmt&signature=105B69F9B495623C588A6D3D89922686241AB5E0.707D7DD19115D2C039E7190149FDD3884EA99526&key=ck2</link>
        <thumbnail>https://image.tmdb.org/t/p/w1280/svPexK18MEl0lyAqb8fFUGGsEQ8.jpg</thumbnail>
        </item>

        <item>
        <title>[COLOR=orange]Halloween 4: The Return of Michael Myers(1988)[/COLOR]</title>
        <link>https://r2---sn-vgqsrn7d.c.drive.google.com/videoplayback?id=3fa9363659f85349&itag=22&source=webdrive&begin=0&requiressl=yes&mm=30&mn=sn-vgqsrn7d&ms=nxu&mv=m&pl=20&sc=yes&ei=8lLRWe3CCo6q-AWy_bbQCg&driveid=0B7IyqvAHi7ogTFN1MDJMOGc2LVE&mime=video/mp4&lmt=1506682395728353&mt=1506890371&ip=67.235.169.18&ipbits=8&expire=1506897682&sparams=ip,ipbits,expire,id,itag,source,requiressl,mm,mn,ms,mv,pl,sc,ei,driveid,mime,lmt&signature=61BE1DB403278065D8C2442BD6C2E18DC68634C2.28B05B55B4891AB0AF0BB1E573D951497BE3E386&key=ck2</link>
        <thumbnail>https://image.tmdb.org/t/p/w1280/oudmrV1WljSJMpgwq6K4VzbIMMK.jpg</thumbnail>
        </item>

        <item>
        <title>[COLOR=orange]Halloween 5: The Revenge of Michael Myers(1989)[/COLOR]</title>
        <link>https://r1---sn-vgqs7nly.c.drive.google.com/videoplayback?id=86afa70c350edc38&itag=22&source=webdrive&begin=0&requiressl=yes&mm=30&mn=sn-vgqs7nly&ms=nxu&mv=m&pl=20&sc=yes&ei=xVPRWdrAJYjl-gXzjZeICw&driveid=0B0CK-8FlbgM5blZiRHNZQWtyWHM&mime=video/mp4&lmt=1506050637207878&mt=1506890597&ip=67.235.169.18&ipbits=8&expire=1506897893&sparams=ip,ipbits,expire,id,itag,source,requiressl,mm,mn,ms,mv,pl,sc,ei,driveid,mime,lmt&signature=60E540ADF39AA8760AAE35E8D38990B56BEF52EC.39EE903B46A500727C9C0FF4403FC439A0929D0F&key=ck2</link>
        <thumbnail>https://image.tmdb.org/t/p/w1280/gQwN6KXBuO94kaYpeX3uaueszkd.jpg</thumbnail>
        </item>

        <item>
        <title>[COLOR=orange]Halloween: The Curse of Michael Myers (1995)[/COLOR]</title>
        <link>https://r1---sn-5uaeznzk.c.drive.google.com/videoplayback?id=4514f1ff15aa3e62&itag=18&source=webdrive&begin=0&requiressl=yes&mm=30&mn=sn-5uaeznzk&ms=nxu&mv=m&pl=20&sc=yes&ei=lVTRWc_RAYHY-gXzqIuoBw&driveid=0B6HfsHRb7gOfNzMyTjRQRWN5RzQ&mime=video/mp4&lmt=1506280874417433&mt=1506890787&ip=67.235.169.18&ipbits=8&expire=1506898101&sparams=ip,ipbits,expire,id,itag,source,requiressl,mm,mn,ms,mv,pl,sc,ei,driveid,mime,lmt&signature=69F7D37558B7AD4A2073FB3811F3B4842D870502.3C1EF4089127A09CC1CF64E6D07AB1B1D6725B8F&key=ck2</link>
        <thumbnail>https://image.tmdb.org/t/p/w1280/8Tw5IttoEATGD2FHhcG9bDzqwbi.jpg</thumbnail>
        </item>

        <item>
        <title>[COLOR=orange]Halloween H20: 20 Years Later(1998)[/COLOR]</title>
        <link>https://r20---sn-5uaezns7.c.drive.google.com/videoplayback?id=42701c422f127edc&itag=18&source=webdrive&begin=0&requiressl=yes&mm=30&mn=sn-5uaezns7&ms=nxu&mv=m&pl=20&sc=yes&ei=P1XRWdnzLsPs-gXu_qTwBg&driveid=0B6SV9gOSRbhWZzV2c2dMNW9pXzQ&mime=video/mp4&lmt=1506125452665137&mt=1506890960&ip=67.235.169.18&ipbits=8&expire=1506898271&sparams=ip,ipbits,expire,id,itag,source,requiressl,mm,mn,ms,mv,pl,sc,ei,driveid,mime,lmt&signature=3BBF5C0D0466BA2D9E69317DED21B20F0DE1538F.04728EC028949FD0817C03CA8B1E0DF1A88D0EFD&key=ck2</link>
        <thumbnail>https://image.tmdb.org/t/p/w1280/crycJDHRvpQyZeQyRYtIZKIpNzK.jpg</thumbnail>
        </item>

        <item>
        <title>[COLOR=orange]Halloween: Resurrection(2002)[/COLOR]</title>
        <link>https://r5---sn-5uaeznde.c.drive.google.com/videoplayback?id=2e6304da76f27c44&itag=18&source=webdrive&begin=0&requiressl=yes&mm=30&mn=sn-5uaeznde&ms=nxu&mv=m&pl=20&sc=yes&ei=b1bRWa3gH4Kw-gXN94jwAw&driveid=0ByEknIvDNPFhSDVqMWk0MXotUUU&mime=video/mp4&lmt=1506198480505535&mt=1506891293&ip=67.235.169.18&ipbits=8&expire=1506898575&sparams=ip,ipbits,expire,id,itag,source,requiressl,mm,mn,ms,mv,pl,sc,ei,driveid,mime,lmt&signature=37EB8DA1323357F655583EB3F19C1E2EF2DC3E56.61E3FF5CBE8850A7BD90830A6C07C4F8758DFF75&key=ck2</link>
        <thumbnail>https://image.tmdb.org/t/p/w1280/9aKyqYdOGbZvUCRDxXAbRqCxM5e.jpg</thumbnail>
        </item>

        <item>
        <title>[COLOR=orange]Halloween(2007)[/COLOR]</title>
        <link>https://r2---sn-5uaezn6s.c.drive.google.com/videoplayback?id=a28fc73b6896f543&itag=18&source=webdrive&begin=0&requiressl=yes&mm=30&mn=sn-5uaezn6s&ms=nxu&mv=m&pl=20&sc=yes&ei=KlfRWfzpMYSF-QWnuq7oDw&driveid=0BweXNJv32U_5b2xhN01TdnQ4N3M&mime=video/mp4&lmt=1506532551011063&mt=1506891423&ip=67.235.169.18&ipbits=8&expire=1506898762&sparams=ip,ipbits,expire,id,itag,source,requiressl,mm,mn,ms,mv,pl,sc,ei,driveid,mime,lmt&signature=2F5176B28F050FB9875E96681B780CBDCCC837A1.7E6F7E3B9C32F1E3212FE4A83A296C0E39280106&key=ck2</link>
        <thumbnail>https://image.tmdb.org/t/p/w1280/9CPYBA1Fq5BdCmViSPyfPiBOcTH.jpg</thumbnail>
        </item>

        <item>
        <title>[COLOR=orange]Halloween II(2009)[/COLOR]</title>
        <link>https://r1---sn-5uaezner.c.drive.google.com/videoplayback?id=6405581ea518c8a6&itag=18&source=webdrive&begin=0&requiressl=yes&mm=30&mn=sn-5uaezner&ms=nxu&mv=m&pl=20&sc=yes&ei=WlfRWf7eHMHv-gXNpJToAQ&driveid=0B937YdJ1i5Y0ZHRzRGhuaF9ncGM&mime=video/mp4&lmt=1505765589449422&mt=1506891509&ip=67.235.169.18&ipbits=8&expire=1506898810&sparams=ip,ipbits,expire,id,itag,source,requiressl,mm,mn,ms,mv,pl,sc,ei,driveid,mime,lmt&signature=9AFE34680B70D0A9DF8585D101050DA265FD219F.07D0D2E1A9641059934883B1D1D7C11CF189517E&key=ck2</link>
        <thumbnail>https://image.tmdb.org/t/p/w1280/pXei2go7b2d5VyAvMKAVhyPqecW.jpg</thumbnail>
        </item>

        <item>
        <title>[COLOR=orange]Halloweentown(1998)[/COLOR]</title>
        <link>https://r6---sn-vgqsrnee.c.drive.google.com/videoplayback?id=b14650799a7880f2&itag=22&source=webdrive&begin=0&requiressl=yes&mm=30&mn=sn-vgqsrnee&ms=nxu&mv=m&pl=20&sc=yes&ei=JEXRWbmvMdDC-wX83YPwCw&driveid=0B5FmPl0M8FWRak1KUjF3OGNTbDg&mime=video/mp4&lmt=1506629168830999&mt=1506886849&ip=67.235.169.18&ipbits=8&expire=1506894148&sparams=ip,ipbits,expire,id,itag,source,requiressl,mm,mn,ms,mv,pl,sc,ei,driveid,mime,lmt&signature=BC1DB60F6232ECBA1A285DFA169A9424B475AEA8.6D912E75B43DEBFF60556BB57C3900DB6A6985E9&key=ck2</link>
        <thumbnail>https://image.tmdb.org/t/p/w640/b2bUOe2qL86GUDoncknSqCXaQgK.jpg</thumbnail>
        </item>

        <item>
        <title>[COLOR=orange]Halloweentown II: Kalabar's Revenge(2001)[/COLOR]</title>
        <link>https://vimeo.com/68187265</link>
        <thumbnail>https://image.tmdb.org/t/p/original/rJHMSAx8pQH9sXwuD8g1ElDXbtz.jpg</thumbnail>
        </item>

        <item>
        <title>[COLOR=orange]Halloweentown High(2004)[/COLOR]</title>
        <link>https://r4---sn-5uaezn6l.c.drive.google.com/videoplayback?id=9c7514f992bda5a9&itag=18&source=webdrive&begin=0&requiressl=yes&mm=30&mn=sn-5uaezn6l&ms=nxu&mv=m&pl=20&sc=yes&ei=11rRWazpEYao-AXhooyYCw&driveid=0B7rkC96zVG4-NGx3OEgzaGJqOFk&mime=video/mp4&lmt=1506634199442351&mt=1506892392&ip=67.235.169.18&ipbits=8&expire=1506899703&sparams=ip,ipbits,expire,id,itag,source,requiressl,mm,mn,ms,mv,pl,sc,ei,driveid,mime,lmt&signature=47C9C0DD1A21C2CC374A762CC8FA01AD20835A62.3C3FD934A297BE086A81D4E477EA24C32F926672&key=ck2</link>
        <thumbnail>https://image.tmdb.org/t/p/w1280/unR7yBuFLvz0QkJ7BVh4TmMT3Uc.jpg</thumbnail>
        </item>

        <item>
        <title>[COLOR=orange]Return to Halloweentown(2006)[/COLOR]</title>
        <link>https://r4---sn-5ualdn7y.c.drive.google.com/videoplayback?id=5290a28f64ec5802&itag=18&source=webdrive&begin=0&requiressl=yes&mm=30&mn=sn-5ualdn7y&ms=nxu&mv=m&pl=20&sc=yes&ei=W1vRWYvqE8XJ-wXirrPABA&driveid=0By7pnfvmCeg2ZDR3NndrOVNtQlk&mime=video/mp4&lmt=1506251375411295&mt=1506892530&ip=67.235.169.18&ipbits=8&expire=1506899835&sparams=ip,ipbits,expire,id,itag,source,requiressl,mm,mn,ms,mv,pl,sc,ei,driveid,mime,lmt&signature=924BB7D89E2B136BFD29CDED5D81588E7903DBCF.5B9E86938BB698F8FB47F4FEB3CB4D445027E01C&key=ck2</link>
        <thumbnail>https://image.tmdb.org/t/p/w1280/m5kzcMqC6ZBbw1wEbrzpp2vMCSs.jpg</thumbnail>
        </item>

        <item>
        <title>[COLOR=orange]Hocus Pocus(1993)[/COLOR]</title>
        <link>https://r6---sn-vgqsrnee.c.drive.google.com/videoplayback?id=b14650799a7880f2&itag=22&source=webdrive&begin=0&requiressl=yes&mm=30&mn=sn-vgqsrnee&ms=nxu&mv=m&pl=20&sc=yes&ei=JEXRWbmvMdDC-wX83YPwCw&driveid=0B5FmPl0M8FWRak1KUjF3OGNTbDg&mime=video/mp4&lmt=1506629168830999&mt=1506886849&ip=67.235.169.18&ipbits=8&expire=1506894148&sparams=ip,ipbits,expire,id,itag,source,requiressl,mm,mn,ms,mv,pl,sc,ei,driveid,mime,lmt&signature=BC1DB60F6232ECBA1A285DFA169A9424B475AEA8.6D912E75B43DEBFF60556BB57C3900DB6A6985E9&key=ck2</link>
        <thumbnail>https://image.tmdb.org/t/p/w1280/okCXNIX9QXNXbWM9NBnKlMpYVBd.jpg</thumbnail>
        </item>

        <item>
        <title>[COLOR=orange]Hotel Transylvania(2012)[/COLOR]</title>
        <link>https://r14---sn-5uaeznel.c.drive.google.com/videoplayback?id=a68776883a0c7bd2&itag=22&source=webdrive&begin=0&requiressl=yes&mm=30&mn=sn-5uaeznel&ms=nxu&mv=m&pl=20&sc=yes&ei=EnPRWeK6JoTd-wWywrXoBw&driveid=0B1W629b9_EVNUXJTSC1Ob0FRWkU&mime=video/mp4&lmt=1505207021631464&mt=1506898611&ip=67.235.169.18&ipbits=8&expire=1506905906&sparams=ip,ipbits,expire,id,itag,source,requiressl,mm,mn,ms,mv,pl,sc,ei,driveid,mime,lmt&signature=1CC45AC607983CAF496A7EC47772A5CA5B1BD550.5AD3EB0FB9420FAC2996BDD66B8521AD054129FC&key=ck2</link>
        <thumbnail>https://image.tmdb.org/t/p/w1280/fHntg68hzEtpDuvx8PWTHoPsED2.jpg</thumbnail>
        </item>

        <item>
        <title>[COLOR=orange]Hotel Transylvania 2(2015)[/COLOR]</title>
        <link>https://r4---sn-5uaeznzk.c.drive.google.com/videoplayback?id=b453b3799275cf18&itag=22&source=webdrive&begin=0&requiressl=yes&mm=30&mn=sn-5uaeznzk&ms=nxu&mv=m&pl=20&sc=yes&ei=eHPRWZWDI8ew-QX1452IBA&driveid=0B_sRZV64hT-ya0VJTlNjbEVQOWM&mime=video/mp4&lmt=1504396871994942&mt=1506898666&ip=67.235.169.18&ipbits=8&expire=1506906008&sparams=ip,ipbits,expire,id,itag,source,requiressl,mm,mn,ms,mv,pl,sc,ei,driveid,mime,lmt&signature=0E29FBF676AB0E04EB460679A21E25B017640715.6AB01111E5AAD3ABB4C6518E9E762431E180DA2A&key=ck2</link>
        <thumbnail>https://image.tmdb.org/t/p/w1280/cFQHMUmxaO3PEDo5lxuQC8MCRIH.jpg</thumbnail>
        </item>

        <item>
        <title>[COLOR=orange]Its the Great Pumpkin Charlie Brown(1966)[/COLOR]</title>
        <link>https://r4---sn-5uaeznrz.c.drive.google.com/videoplayback?id=9daf7c2e09a02adf&itag=22&source=webdrive&begin=0&requiressl=yes&mm=30&mn=sn-5uaeznrz&ms=nxu&mv=m&pl=20&sc=yes&ei=v3DRWejdAoGx-AXay4-4Bg&driveid=0B3t6aGV_JEYpTWV6djVFUmw4dVU&mime=video/mp4&lmt=1506292661751331&mt=1506898013&ip=67.235.169.18&ipbits=8&expire=1506905311&sparams=ip,ipbits,expire,id,itag,source,requiressl,mm,mn,ms,mv,pl,sc,ei,driveid,mime,lmt&signature=114C3CD78D0C9B163F0986F8127B2AB85B5FF748.012B7520AD182E697F71B947065793C648452A7C&key=ck2</link>
        <thumbnail>https://image.tmdb.org/t/p/w1280/9QdnfxTDKUSW1t23sKSQjPNs0iD.jpg</thumbnail>
        </item>

        <item>
        <title>[COLOR=orange]Monster House(2006)[/COLOR]</title>
        <link>https://ht009.videorecording.date/g-FkNQs/9fd63d957bf6cb06957cd4900e5f84639e21b0ec367ca5f2fc172f1061a67149/hd720.mp4?e=1506909321&ip=67.235.00.00</link>
        <thumbnail>https://image.tmdb.org/t/p/w1280/vOhKyKxlmtRwRHqKGV2VrFhJjCG.jpg</thumbnail>
        </item>

        <item>
        <title>[COLOR=orange]ParaNorman(2012)[/COLOR]</title>
        <link>https://r1---sn-vgqs7n7k.c.drive.google.com/videoplayback?id=fb84222613f4a4ba&itag=18&source=webdrive&begin=0&requiressl=yes&mm=30&mn=sn-vgqs7n7k&ms=nxu&mv=m&pl=20&sc=yes&ei=lXHRWYv1IYjl-gXzjZeICw&driveid=0B4sb7AK3u6pbQ01sUTNNYktUMmc&mime=video/mp4&lmt=1506179970922380&mt=1506898247&ip=67.235.169.18&ipbits=8&expire=1506905525&sparams=ip,ipbits,expire,id,itag,source,requiressl,mm,mn,ms,mv,pl,sc,ei,driveid,mime,lmt&signature=0D491619B78CC23C7BFFE5E79F996B21775EB39C.4C6CF4CB434DF024444102AE6BF2C233303C992E&key=ck2</link>
        <thumbnail>https://image.tmdb.org/t/p/w1280/pfGmWVyGHgdJrdKrZ5RWZpbAhkn.jpg</thumbnail>
        </item>

        <item>
        <title>[COLOR=orange]Sleepy Hollow(1999)[/COLOR]</title>
        <link>https://r3---sn-5ualdn7e.c.drive.google.com/videoplayback?id=3894dbef3459ae70&itag=18&source=webdrive&begin=0&requiressl=yes&mm=30&mn=sn-5ualdn7e&ms=nxu&mv=m&pl=20&sc=yes&ei=LEzRWbyAA8-u-QWh17DQBw&driveid=0B2Sa5fUvmg-WcmU3VmZIbVd5X2c&mime=video/mp4&lmt=1505184604559040&mt=1506888650&ip=67.235.169.18&ipbits=8&expire=1506895948&sparams=ip,ipbits,expire,id,itag,source,requiressl,mm,mn,ms,mv,pl,sc,ei,driveid,mime,lmt&signature=A5E5ADC7056CCABEE1C09E53F807E72AFD7B8086.41DAC233D09C00C2D1393C0DD46792185A9C5EF6&key=ck2</link>
        <thumbnail>https://image.tmdb.org/t/p/w1280/mTN4m41lHKaIf0dVcWzVdCJOYik.jpg</thumbnail>
        </item>

        <item>
        <title>[COLOR=orange]Tales of Halloween(2015)[/COLOR]</title>
        <link>https://r5---sn-5uaezndl.c.drive.google.com/videoplayback?id=1fad02a4bf2032b8&itag=22&source=webdrive&begin=0&requiressl=yes&mm=30&mn=sn-5uaezndl&ms=nxu&mv=m&pl=20&sc=yes&ei=D1zRWb_yNJCB-QWt5rWwAg&driveid=0B5cqoJF9nQ9fRkFybUNrb3Q4NVE&mime=video/mp4&lmt=1505102332747065&mt=1506892639&ip=67.235.169.18&ipbits=8&expire=1506900015&sparams=ip,ipbits,expire,id,itag,source,requiressl,mm,mn,ms,mv,pl,sc,ei,driveid,mime,lmt&signature=B63356E474481F2267AC2BD03FDBD3E4890E3E71.553CF5044EAB3161373DE661E9330A01F2EDFC0F&key=ck2</link>
        <thumbnail>https://image.tmdb.org/t/p/w1280/dEzpLp938XTZhCSChtippn7eh52.jpg</thumbnail>
        </item>

        <item>
        <title>[COLOR=orange]The Addams Family(1991))[/COLOR]</title>
        <link>https://r2---sn-5ualdn76.c.drive.google.com/videoplayback?id=8a9ba96765dfc04b&itag=18&source=webdrive&begin=0&requiressl=yes&mm=30&mn=sn-5ualdn76&ms=nxu&mv=m&pl=20&sc=yes&ei=EGTRWd3kJIaD-QW-k6HwAw&driveid=0B2IziD8Za5-VNWswa2g0bWN5YWs&mime=video/mp4&lmt=1506131860129961&mt=1506894769&ip=67.235.169.18&ipbits=8&expire=1506902064&sparams=ip,ipbits,expire,id,itag,source,requiressl,mm,mn,ms,mv,pl,sc,ei,driveid,mime,lmt&signature=4F28A28C2784A303FEA854F2972B08CD1A95A4DD.60CAE323455F3F9EF87E85FA362C5773B1B1E7CC&key=ck2</link>
        <thumbnail>https://image.tmdb.org/t/p/w1280/ajiQj0jbacMAmPxDU3fP9TeIfTi.jpg</thumbnail>
        </item>

        <item>
        <title>[COLOR=orange]Addams Family Values(1993)[/COLOR]</title>
        <link>https://r5---sn-5ualdn7d.c.drive.google.com/videoplayback?id=db79007546659b4e&itag=22&source=webdrive&begin=0&requiressl=yes&mm=30&mn=sn-5ualdn7d&ms=nxu&mv=m&pl=20&sc=yes&ei=h2TRWbPxGoao-AXhooyYCw&driveid=0BwGtax1_AHPAU2RIQy1lM21VUk0&mime=video/mp4&lmt=1506634502915537&mt=1506894883&ip=67.235.169.18&ipbits=8&expire=1506902183&sparams=ip,ipbits,expire,id,itag,source,requiressl,mm,mn,ms,mv,pl,sc,ei,driveid,mime,lmt&signature=3079DCBBBA36F0AE408BDE84D6EEE8EEA5CEA91B.66D7A95037E1829E5FD86E07CAF9FE03BDA5DA52&key=ck2</link>
        <thumbnail>https://image.tmdb.org/t/p/w1280/zEwEXGDvJ8Ou2s6XbLMPvMTX53S.jpg</thumbnail>
        </item>

        <item>
        <title>[COLOR=orange]Addams Family Reunion(1998)[/COLOR]</title>
        <link>http://185.176.192.21/vids/addams_family_reunion_1998___57e26ce11c658.mp4</link>
        <thumbnail>https://image.tmdb.org/t/p/w1280/1Sk9sU4VkWjRlkTIDeDTSMRjtEz.jpg</thumbnail>
        </item>

        <item>
        <title>[COLOR=orange]The Cat in the Hat Knows a lot about Halloween(2016)[/COLOR]</title>
        <link>https://r1---sn-5ualdn7k.c.drive.google.com/videoplayback?id=fd7e983065e08841&itag=18&source=webdrive&begin=0&requiressl=yes&mm=30&mn=sn-5ualdn7k&ms=nxu&mv=m&pl=20&sc=yes&ei=FFnRWeOyNMjr-QXowLEY&driveid=0B1-IHWmoQwOyejFwZXpnR2hWZW8&mime=video/mp4&lmt=1506276911750351&mt=1506891862&ip=67.235.169.18&ipbits=8&expire=1506899252&sparams=ip,ipbits,expire,id,itag,source,requiressl,mm,mn,ms,mv,pl,sc,ei,driveid,mime,lmt&signature=162D11BA8B92DAC90A8E3C1111995F242349F46C.A2C030EFFC102B3D61F17D3811787C3F068456BB&key=ck2</link>
        <thumbnail>https://image.tmdb.org/t/p/w1280/2cijP3zXHTXFjx125quPgNnCZnt.jpg</thumbnail>
        </item>

        <item>
        <title>[COLOR=orange]The Legend of Sleepy Hollow(1949)[/COLOR]</title>
        <link>https://archive.org/download/TheLegendOfSleepyHollow_201602/The%20Legend%20Of%20Sleepy%20Hollow.mp4</link>
        <thumbnail>https://image.tmdb.org/t/p/w1280/5N7Ckn02MH5onXOcINGC0Caftw0.jpg</thumbnail>
        </item>

        <item>
        <title>[COLOR=orange]The Night Before Halloween(2016)[/COLOR]</title>
        <link>https://r3---sn-vgqskn7e.c.drive.google.com/videoplayback?id=0b2248f08f117def&itag=22&source=webdrive&begin=0&requiressl=yes&pl=20&sc=yes&ei=TlrRWfGZHs-4-gWql5vIBQ&driveid=0B0dQeggmWWiZeC1zaFFTX3IyUkU&mime=video/mp4&lmt=1506791257931909&ip=67.235.169.18&ipbits=8&expire=1506899566&sparams=driveid,ei,expire,id,ip,ipbits,itag,lmt,mime,mm,mn,ms,mv,pl,requiressl,sc,source&signature=81A5954B80D3A8BE81D2D83C0EF48DDF99041DC5.782B59B25A6F54ECDC78E1C41FCEF533F0651954&key=cms1&redirect_counter=1&cm2rm=sn-5uazy76&req_id=fcde18ed715236e2&cms_redirect=yes&mm=34&mn=sn-vgqskn7e&ms=ltu&mt=1506892293&mv=m</link>
        <thumbnail>https://image.tmdb.org/t/p/w1280/2klAo7ZDewLt4v7LtZ3FO84DsHk.jpg</thumbnail>
        </item>

        <item>
        <title>[COLOR=orange]The Nightmare Before Christmas(1993)[/COLOR]</title>
        <link>https://r4---sn-5ualdn7d.c.drive.google.com/videoplayback?id=4a8f78b5526dff7a&itag=18&source=webdrive&begin=0&requiressl=yes&mm=30&mn=sn-5ualdn7d&ms=nxu&mv=m&pl=20&sc=yes&ei=CWvRWdnjOoao-AXhooyYCw&driveid=0B1y6LekIhIwCb0YxejJPUFVKak0&mime=video/mp4&lmt=1506628254953246&mt=1506896547&ip=67.235.169.18&ipbits=8&expire=1506903849&sparams=ip,ipbits,expire,id,itag,source,requiressl,mm,mn,ms,mv,pl,sc,ei,driveid,mime,lmt&signature=70B3CAE55C9BEF052E75F66EFE536743DBF1CE4B.1528DB70724CCBCCB5C7C4F201E7ECE3A593D3BE&key=ck2&ir=1&rr=12&fexp=23702512</link>
        <thumbnail>https://image.tmdb.org/t/p/w1280/6oxkO1VgKCq74fNILKAg6t2dVEt.jpg</thumbnail>
        </item>
        
</items>