<?xml version="1.0" encoding="UTF-8" standalone="yes"?>
<addon id="plugin.video.tempus" name="Tempus" version="1.0.1" provider-name="ad">
	<requires>
		<import addon="xbmc.python" version="2.19.0" />
		<import addon="script.module.nanscrapers" version="0.5.5" />
        <import addon="script.module.python.koding.aio" version="0.0.1"/>
	</requires>
	<extension point="xbmc.python.pluginsource" library="default.py">
		<provides>video</provides>
	</extension>
	<extension point="xbmc.addon.metadata">
		<summary lang="en">Tempore fabulas </summary>
		<description lang="en">Movies and TV shows for each season. Please contact developer via GitHub for seasonal movie, tv, or genre requests.</description>
		<platform>all</platform>
		<forum>http://www.noobsandnerds.com/support</forum>
		<website>www.noobsandnerds.com</website>
		<news></news>
		<genre>movies,tvshows,usa</genre>
		<video_guide></video_guide>
		<video_preview></video_preview>
	</extension>
</addon>
